id,text,author_username,author_id,created_at,like_count,reply_count,retweet_count,quote_count,bookmark_count,impression_count,lang,conversation_id,hashtags,mentions,x_fetched_at,source_pack,source_type
1962795707917836704,"@BudiBukanIntel bang bud coba deh tengkok video ini, perihal MBG, yg wadah nya itu dibuat Dari cina Dan bahan bahan nya non foodgrdae
https://t.co/RuZ6deW3q2",est17_,1165482868958609410,2025-09-02 08:32:18,0,0,0,0,0,89,in,1962748206934368644,[],"[""@BudiBukanIntel""]",2025-09-13 16:43:49,tray_umum_objek,csv
1969287558590025729,"Kalau gue inget-inget pelajaran kimia sewaktu SMA, wajar sih ada hipotesis bahwa food tray yang saat ini banyak digunakan jadi salah satu potensi penyebab keracunan. Kalau ga salah, sebagian tray punya grade stainless steel 201 yang sebenarnya ini tuh kurang tahan sama lingkungan lembab, garam, atau panas tinggi karena kandungan mangan tinggi (5,5–7,5%), nikel rendah (3,5–5,5%), & kromium cuma (16–18%).

Tray MBG sudah pasti tuh kan sering terpapar air, deterjen, & residu makanan, yang secara teknis bisa merusak lapisan oksida kromium. Ada reaksi elektrokimia yaitu Fe + O2 + H2O → Fe(OH)2, alias membentuk Fe2O3 (karat). Hasilnya, timbul proses kontaminasi dari leaching logam di tray ke makanan. Mungkin pemikiran ini salah, tapi—

1. Menu MBG kan kadang ada sayur, buah, atau sausnya, yang sebenarnya itu semua bisa aja bersifat asam. Makanan asam (pH < 4,5, kayak tomat, jeruk, atau cuka) bahkan mempercepat korosi tray 201 melalui reaksi H+ dengan lapisan oksida, bikin leaching ion mangan (Mn), nikel (Ni), & kromium (Cr). Sialnya, mangan berlebih bisa bikin gangguan neurologis (tremor, kekakuan otot), sementara kontaminasi nikel memicu alergi kulit atau masalah pernapasan jangka panjang. Jadi apakah set menu super minimalis yang selama ini membagongkan kita ternyata tujuannya adalah supaya anak-anak ga terkontaminasi berlebih? 😵‍💫

2. Makanan panas (misal nasi atau sup) mengeluarkan energi thermal yang memfasilitasi difusi ion dari matriks logam. Ini bisa mempercepat laju migrasi ion sampai 10 kali lipat. Bisa aja proses ini bikin kemunculan timbal (Pb) yang lebih dari 0,01 mg/kg di tray 201. Kalau kita cek kadar ini sudah melebihi batas aman yang ditetapkan sama BPOM.

3. Kira-kira apa yang biasa kita pakai buat nyuci piring? Yak betul. Spons & sabun cuci piring. Kalau pencucian tray 201 memakai spons abrasif atau deterjen kuat (misal mengandung asam sitrat) maka lapisan pasivasi (Cr2O3) bisa terkikis sehingga mempercepat korosi. Bayangkan kalau ada dapur yang mencuci secara massal tanpa prosedur standar. Goresan atau penyok pada tray bisa bikin area tersebut menjadi anoda dalam sel korosi yang mempercepat leaching.

By the way, karena penerima manfaat MBG adalah anak-anak, maka tingkat kerentanannya lebih besar dan reaksi yang timbul bisa lebih cepat, karena metabolisme anak lebih tinggi dibanding orang dewasa.

Lalu bagaimana dengan kasus keracunan yang disebabkan bakteri kayak Salmonella atau E. Coli? Ini mungkin banget dan bisa kita kategorikan sebagai kontaminasi sekunder dari tray rusak atau treatment bahan makanan yang ga sesuai standar higienis. Cuma untuk kemungkinan ini, variabelnya lebih banyak, termasuk variabel ga terduga kayak tingkat imunitas seseorang.

Jadi gmn dong supaya anak-anak ga keracunan MBG? Jawabannya sungguh sederhana wahai bapak ibu sekalian. Intinya dimulai dengan bangun lebih pagi lagi wkwk.",jisatorio,1414492515143622662,2025-09-20 06:28:36,0,0,0,0,0,12,in,1969287558590025729,[],[],2025-09-25 11:10:57,tray_umum_objek,csv
1973249312185524367,"Kepercayaan terhadap MBG diguncang oleh dugaan bahwa food tray atau ompreng impor asal Tiongkok yang dipakai dalam MBG diproduksi menggunakan minyak atau lemak babi dalam proses pencetakannya.

Ulasan Ahmad Safii Hafid:
https://t.co/UIbVde871s https://t.co/mBtwHI2lkz",omongomongcom,1426085827906478081,2025-10-01 04:51:11,1,0,2,0,0,592,in,1973249312185524367,[],[],2025-10-04 02:16:33,tray_umum_objek,csv
1964910833387065820,"@GoodRecom lah guru gak ngebagiin ompreng bjir. ama pihak MBG nya ditaroh di ruang giru, trus siswa nya yg ngambil. udahnya dianterin lagi ke ruang guru ama siswa nya. guru hampir ga ngapa ngapaun, suruh nyicip doang.",jxxxng_,1063732654548279296,2025-09-08 04:37:03,0,1,0,0,0,211,in,1964242433912274948,[],"[""@GoodRecom""]",2025-09-13 16:22:13,tray_umum_objek,csv
1960705597197726088,"@tanyakanrl dan yap betul kemarin ngurus import tempat makan MBG, dan yap mostly dari Shandong China.. dan sempet kena pemeriksaan bece",notastroboee,1164550957436243973,2025-08-27 14:06:57,0,0,0,0,0,160,in,1960620075532038624,[],"[""@tanyakanrl""]",2025-09-14 03:34:11,tray_umum_objek,csv
1964932314171060697,"Kepala BPJPH, Haikal Hassan, menegaskan pihaknya akan terbang ke China untuk memeriksa langsung food tray atau wadah makan dalam program Makan Bergizi Gratis (MBG) yang diduga mengandung lemak babi. Menurutnya, langkah ini diambil agar isu tersebut tidak hanya ditanggapi sebagai rumor atau hoaks, melainkan diverifikasi melalui audit menyeluruh. BPJPH juga berkomitmen melakukan sertifikasi halal, bukan hanya untuk makanan, tapi juga dapur, menu, serta peralatan yang digunakan dalam program MBG.

Haikal menambahkan bahwa jaminan halal akan mencakup semua aspek, termasuk sertifikasi halal bagi dapur penyedia dan penunjukan penyelia halal. Hal ini menjadi bagian dari sinergi BPJPH dengan Badan Gizi Nasional (BGN) dalam menjamin pemenuhan gizi nasional yang sesuai standar halal. Dengan demikian, kepastian halal tidak hanya melekat pada makanan yang dikonsumsi, melainkan juga peralatan penunjangnya.

Sementara itu, Kepala BGN Dadan Handayana menjelaskan bahwa penggunaan food tray impor dari China dilakukan karena produksi dalam negeri belum mencukupi kebutuhan program MBG. Kapasitas produksi dalam negeri hanya sekitar 10 juta tray per bulan, sementara kebutuhan mencapai 70 juta tray tambahan hingga akhir tahun. Ia memastikan ke depan BGN akan melakukan pengadaan food tray untuk wilayah 3T dengan memprioritaskan produk dalam negeri, melibatkan BPJPH, BPOM, serta Kementerian Perindustrian untuk sertifikasi halal, higienitas, dan SNI.

📸: Dok. Antara.

Jaga Indonesia lewat fakta sebuah gerakan kolaboratif untuk mendorong masyarakat lebih kritis, bijak, dan selalu berpegang pada fakta dalam menyikapi isu-isu serta persoalan bangsa. Seluruh masyarakat indonesia harus berperan aktif menjaga Indonesia dari berbagai sisi, mulai dari ekonomi, politik, pendidikan, pangan, energi, lingkungan, hingga kebudayaan.

Mari bersama jaga Indonesia lewat fakta.

#bisnisupdate #update #bisnis #oneliner #makanbergizigratis #mbg #bpjph #halal #bgn #foodtray #china #produkhalal #info #infoterkini #berita #beritaterkini #jagaindonesia #bicarafaktalewatberita #kumparan #JagaIndonesiaLewatFakta",kumparan,759692754985242625,2025-09-08 06:02:25,150,214,36,114,26,98949,in,1964932314171060697,"[""#bisnisupdate"",""#update"",""#bisnis"",""#oneliner"",""#makanbergizigratis"",""#mbg"",""#bpjph"",""#halal"",""#bgn"",""#foodtray"",""#china"",""#produkhalal"",""#info"",""#infoterkini"",""#berita"",""#beritaterkini"",""#jagaindonesia"",""#bicarafaktalewatberita"",""#kumparan"",""#JagaIndonesiaLewatFakta""]",[],2025-09-16 12:59:33,tray_umum_objek,csv
1973735096881655992,"Satuan Pelayanan Pemenuhan Gizi (SPPG) Slipi, Palmerah, Jakarta Barat, membeberkan cara mencegah terjadinya kejadian luar biasa (KLB) seperti keracunan usai menyantap Makan Bergizi Gratis (MBG).

Koordinator SPPG Wilayah Jakarta Barat, Yudha Permana, menegaskan kunci utama ada pada penerapan Critical Control Point (CCP). Menurutnya, CCP dilakukan tidak ketika bahan baku datang tapi mulai dari pemilihan menu sudah mempertimbangkan Angka Kecukupan Gizi (AKG).

""Jadi di setiap SPPG itu dipastikan bahwa mereka menjaga CCP atau Critical Control Point. Ini mulai dari awal, sebetulnya tidak ketika bahan baku datang saja, tapi dari awal pembuatan menu. Kita pastikan AKG, Angka Kecukupan Gizinya terpenuhi,"" katanya kepada wartawan, dikutip Sabtu, 27 September 2025.

Yudha mencontohkan, kini susu tidak lagi mengandung kadar gula tinggi. Sebab, Badan Gizi Nasional (BGN) sudah mengingatkan SPPG untuk tidak memberi susu berkadar gula tinggi.

“Itu salah satu bentuk pemilihan pembuatan menu. Baik itu tadi angka kecukupan gizinya, kemudian pemilihan apapun, komponen yang terdapat di dalam ompreng,” tuturnya.

Selain itu, menu disusun rutin setiap pekan melalui rapat tim gizi, agar variasi tetap terjaga. Hingga kini, SPPG Palmerah sudah mengembangkan lebih dari 40 jenis menu, termasuk menyesuaikan permintaan siswa agar mereka tidak bosan.

“Kita sering juga mendengarkan request-request dari siswa. Apakah dia, contoh yang terakhir itu, mereka pingin burger, kita coba fasilitasi. Hal-hal ini yang membuat anak-anak itu menjadi lebih nafsu makan, karena mereka juga merasa bahwa apa yang mereka inginkan itu bisa tersalurkan,“ ucap Yudha.

Asep Bidin Rosidin/PRMN

#MBG #news #SPPG #MakanBergizi",pikiran_rakyat,58880688,2025-10-02 13:01:31,1,0,0,0,1,222,in,1973735096881655992,"[""#MBG"",""#news"",""#SPPG"",""#MakanBergizi""]",[],2025-10-02 14:08:35,tray_umum_objek,csv
1960639924048441641,"@tanyakanrl Woi, anjing ni orang yg pesen wadah MBG ga ada otak anjing",ampegosong,1056084422666084352,2025-08-27 09:45:59,0,0,0,0,0,177,in,1960620075532038624,[],"[""@tanyakanrl""]",2025-09-14 03:34:11,tray_umum_objek,csv
1979032735684661496,"Presiden Prabowo nyatakan pemerintah perketat penerapan SOP  pelaksanaan program Makan Bergizi Gratis MBG untuk cegah insiden keracunan dan berbagai persoalan lainnya. Selain perketat pengawasan, SOP pihaknya juga beli peralatan-peralatan baru, filter untuk air, perangkat uji, sterilisasi air, dan sterilisasi ompreng.",pasfm,145121986,2025-10-17 03:52:27,0,0,0,0,0,34,in,1979032735684661496,[],[],2025-10-17 08:06:43,tray_umum_objek,csv
1960266000051372298,"tl dr: 
-tray mbg dilabeli made in indonesia, tp sebenernya made in china
-ada batch yang pake stainless steel non foodgrade (pantes pada keracunan)
-ada label halal tapi pake lard",_waztra,395914689,2025-08-26 09:00:09,2,0,0,0,0,114,in,1960264794012844068,[],[],2025-09-16 21:45:03,tray_umum_objek,csv
1964649636196692250,"@PNS_Ababil Iya, malah nambahin tugas guru, bagi2 MBG, bagi2 buah/pisang, kalau tidak habis di pisah masukin wadah/kresek makanan sisanya, hitung rantangnnya biar ngak hilang dan suruh ganti...",bakanosan1,1604650474724265985,2025-09-07 11:19:09,13,0,0,0,0,1529,in,1964632856619258322,[],"[""@PNS_Ababil""]",2025-09-13 16:22:08,tray_umum_objek,csv
1964935555688595909,ada benernya nih 🙂 piket MBG harus memastikan rantang ataupun ompreng utuh tetap jumlahnya,pnggunaskitar_,327195457,2025-09-08 06:15:17,0,0,0,0,0,27,in,1964935555688595909,[],[],2025-09-13 16:23:49,tray_umum_objek,csv
1969287629872250902,"Kalau gue inget-inget pelajaran kimia sewaktu SMA, wajar sih ada hipotesis bahwa food tray yang saat ini banyak digunakan jadi salah satu potensi penyebab keracunan. Kalau ga salah, sebagian tray punya grade stainless steel 201 yang sebenarnya ini tuh kurang tahan sama lingkungan lembab, garam, atau panas tinggi karena kandungan mangan tinggi (5,5–7,5%), nikel rendah (3,5–5,5%), & kromium cuma (16–18%).

Tray MBG sudah pasti tuh kan sering terpapar air, deterjen, & residu makanan, yang secara teknis bisa merusak lapisan oksida kromium. Ada reaksi elektrokimia yaitu Fe + O2 + H2O → Fe(OH)2, alias membentuk Fe2O3 (karat). Hasilnya, timbul proses kontaminasi dari leaching logam di tray ke makanan. Mungkin pemikiran ini salah, tapi—

1. Menu MBG kan kadang ada sayur, buah, atau sausnya, yang sebenarnya itu semua bisa aja bersifat asam. Makanan asam (pH < 4,5, kayak tomat, jeruk, atau cuka) bahkan mempercepat korosi tray 201 melalui reaksi H+ dengan lapisan oksida, bikin leaching ion mangan (Mn), nikel (Ni), & kromium (Cr). Sialnya, mangan berlebih bisa bikin gangguan neurologis (tremor, kekakuan otot), sementara kontaminasi nikel memicu alergi kulit atau masalah pernapasan jangka panjang. Jadi apakah set menu super minimalis yang selama ini membagongkan kita ternyata tujuannya adalah supaya anak-anak ga terkontaminasi berlebih? 😵‍💫

2. Makanan panas (misal nasi atau sup) mengeluarkan energi thermal yang memfasilitasi difusi ion dari matriks logam. Ini bisa mempercepat laju migrasi ion sampai 10 kali lipat. Bisa aja proses ini bikin kemunculan timbal (Pb) yang lebih dari 0,01 mg/kg di tray 201. Kalau kita cek kadar ini sudah melebihi batas aman yang ditetapkan sama BPOM.

3. Kira-kira apa yang biasa kita pakai buat nyuci piring? Yak betul. Spons & sabun cuci piring. Kalau pencucian tray 201 memakai spons abrasif atau deterjen kuat (misal mengandung asam sitrat) maka lapisan pasivasi (Cr2O3) bisa terkikis sehingga mempercepat korosi. Bayangkan kalau ada dapur yang mencuci secara massal tanpa prosedur standar. Goresan atau penyok pada tray bisa bikin area tersebut menjadi anoda dalam sel korosi yang mempercepat leaching.

By the way, karena penerima manfaat MBG adalah anak-anak, maka tingkat kerentanannya lebih besar dan reaksi yang timbul bisa lebih cepat, karena metabolisme anak lebih tinggi dibanding orang dewasa.

Lalu bagaimana dengan kasus keracunan yang disebabkan bakteri kayak Salmonella atau E. Coli? Ini mungkin banget dan bisa kita kategorikan sebagai kontaminasi sekunder dari tray rusak atau treatment bahan makanan yang ga sesuai standar higienis. Cuma untuk kemungkinan ini, variabelnya lebih banyak, termasuk variabel ga terduga kayak tingkat imunitas seseorang.

Jadi gmn dong supaya anak-anak ga keracunan MBG? Jawabannya sungguh sederhana wahai bapak ibu sekalian. Intinya dimulai dengan bangun lebih pagi lagi wkwk.",jisatorio,1414492515143622662,2025-09-20 06:28:53,0,0,0,0,0,20,in,1969287629872250902,[],[],2025-09-25 11:10:57,tray_umum_objek,csv
1959911350970560650,"Coba tebak-tebakan, kenapa tray MBG yg dibeli dari china dipaksakan pakai label Made in indonesia?

Apakah keracunan diberbagai daerah ada hubungannya dengan zat berbahaya di tray makanan ini? https://t.co/jPhNUGZYSO",barengwarga,1850558971779956736,2025-08-25 09:30:54,2529,53,861,80,273,61532,in,1959911350970560650,[],[],2025-08-25 11:26:24,tray_umum_objek,csv
1970510544273842672,"@gundammecha1 @olie9arki Negara lain sibuk inovasi, disini malah ngurusi ompreng MBG proyek gajelas dan nyulik aktivis. Cupu.",troublemaekers,970269609059262465,2025-09-23 15:28:18,2,0,0,0,1,95,in,1970054275377332563,[],"[""@gundammecha1"",""@olie9arki""]",2025-09-24 17:04:34,tray_umum_objek,csv
1959965853568622952,"TONIGHT 🔴LIVE @ 20.30 WIB 
🎬: https://t.co/VWRSwj83S0

Spicy Talk malam ini kita bakal bahas demo sus di Jakarta, update udang radioaktif, gue cerita iri dan dengki gue terhadap scavenger hunt-nya Zohran Mamdani dan...tray MBG mengandum minyak babi??? https://t.co/zj0qxL6h4W",tilehopper,1249662133916192768,2025-08-25 13:07:28,13,1,4,0,1,1116,in,1959965853568622952,[],[],2025-10-24 07:14:51,tray_umum_objek,csv
1978225159799476571,Tolong koreksi kalo gue salah. Tp belio ini bikin video kek gini juga gak pas pesantren ambruk? Korupsi kuota haji? Pas nama NU disangkutpautin sama tambang? Pas tray MBG ada minyak babinya??????,lokastiti,16882586,2025-10-14 22:23:26,3,0,1,0,0,185,in,1978225159799476571,[],[],2025-10-20 23:08:50,tray_umum_objek,csv
1974061009150361997,"Soal Isu Minyak Babi, BPJPH Sebut Food Tray MBG Halal  https://t.co/6RmEUj9JyE",BloombergTZ,1582972008479920129,1759487795,0,0,1,0,0,124,in,1974061009150361997,,,,tray_umum_objek,yaml_fast
2045470035653890389,@xrigadir @_ Diem lu ompreng mbg,woohshik,881534466,1776513034,0,1,0,0,0,16,in,2045466212717769072,,,,tray_umum_objek,yaml_fast
2045515136648261754,@wahabi92013848 @MiskinTV_ Ngomong apa sih,Temon84694331,1063256720951001089,1776523787,0,0,0,0,0,25,in,2045276713756889410,,,,tray_umum_objek,yaml_fast
2045552578038243837,HAh Anjg gw mimpiin apa ya apa gw brusan liat sesuatu gw lupa tp somebody looked sm like victoria neuman,gojonegoro,1824035066781253632,1776532713,0,0,0,0,0,11,in,2045552578038243837,,,,tray_umum_objek,yaml_fast
1973933197684846601,"SPPG Polri telah menerapkan sistem sanitasi ketat untuk memastikan program MBG higienis. Proses pencucian alat masak dan ompreng atau food tray MBG dilakukan dengan membersihkn sisa makanan hingga memanaskannya di dalam oven.
#LanjutkanMBG 

Bjorka Pigai Tele Totobrut Carey Irfan https://t.co/YnPjaUvSWj",ExxaLatifa,1307860511317352450,1759457322,1,0,0,0,0,474,in,1973933197684846601,,,,tray_umum_objek,yaml_fast
2045159767757533202,SIAP MENGAMBIL OMPRENG MBG DENGAN SEMANGAT 45!!! https://t.co/GHoygfBUD4,woonhakn,768117751483203584,1776439060,0,0,0,0,0,149,in,2045159767757533202,,,,tray_umum_objek,yaml_fast
1977373868399394940,"Isu Minyak Babi di Foof Tray MBG, Badan Gizi Nasional Libatkan Majelis Tarjih https://t.co/XDPgm3eQXu",KabarMuh_ID,1481296968731459592,1760277642,7,2,0,0,0,458,in,1977373868399394940,,,,tray_umum_objek,yaml_fast
2045540439185649728,@_jaehoney_ hnggg iya tincasenya bikin inget ompreng mbg🥺,chemikeul,1622314773907124226,1776529819,0,1,0,0,0,14,in,2045521263238738239,,,,tray_umum_objek,yaml_fast
1979463643042582789,"Yukk bergabung dan ikut berkontribusi  dalam Forum Makan Bergizi Gratis (MBG) menjadi wadah kolaborasi bagi siapa pun yg peduli terhadap program gizi dan kesejahteraan masyarakat.
🔗 https://t.co/Zed9pu0vo2

#ForumMBG #LanjutkanMBG
.
Timothy JOSSGAWIN IN LOS ANGELES #JG1STFMINLA",ExxaLatifa,1307860511317352450,1760775883,0,0,0,0,0,176,in,1979463643042582789,,,,tray_umum_objek,yaml_fast
2045486168436093061,Vibes lu kayak ompreng mbg soalnya,TAERIYAKll,1428585148958736384,1776516880,0,1,0,0,0,48,in,2045486168436093061,,,,tray_umum_objek,yaml_fast
2045505027134128163,ngantri ambil ompreng mbg kah guys? https://t.co/GnRFPv5smb,g0ruyeon,1763370681159516160,1776521376,0,1,0,1,0,112,in,2045505027134128163,,,,tray_umum_objek,yaml_fast
2045509164202643713,@iyandoras ompreng mbg tapi isinya woonhak??,iyyam04z,1780604203628703744,1776522363,0,0,0,0,0,37,in,2045493665506992498,,,,tray_umum_objek,yaml_fast
2045535706815336859,Physically men but... au ah takut jadi ompreng mbg,akkr19m,1240500597381459968,1776528691,0,0,0,0,0,17,in,2045535706815336859,,,,tray_umum_objek,yaml_fast
2045331412610625681,"@shutuppleasey @menuembegejelek Di minggu ini baru kejadian di kelasku, karena MBG ini sungguh menyita waktu guru kelas dan guru mapel yang udah kepotong 10 menit dan untuk berberes ompreng di kelas, datanglah orang bagian MBG mau bikin konten setelah kami tahfizh di kelas dan itu buat kesel ga kuramahin lantak",tiasshm,1285867339322241024,1776479983,11,0,0,0,0,2661,in,2044994182289502218,,,,tray_umum_objek,yaml_fast
2045405732607324379,"Tenaga honorer sekitar 100 - 500 rb / bulan, tukang cuci ompreng MBG 1,5 - 3 JT / bulan. 
Indonesia sakit
Pemimpinnya sakit
Penerima MBG keracunan
@prabowo 
@DPR_RI 
@mprgoid",DidiSupard90648,1875670016097656832,1776497703,0,0,0,0,0,13,in,2045405732607324379,,,,tray_umum_objek,yaml_fast
2045542491827699824,@Lavandula211 Coba nyari di pinterest 'ompreng MBG',kipiks,1779048178026967040,1776530309,0,0,0,0,0,11,in,2045507631545213097,,,,tray_umum_objek,yaml_fast
2045529286451564597,Akhirnya ada guna ompreng mbg yang lebih bermanfaat 🙂↕️👍🏽,_junconscious_,1801993707509694464,1776527160,0,0,0,0,0,7,in,2045529286451564597,,,,tray_umum_objek,yaml_fast
2045383150780756138,"Ompreng MBG🗿
#mlbb #mobilelegend https://t.co/cFfHu8GELA",bangjohnmlbb,1879096057227026433,1776492319,0,0,0,0,0,21,in,2045383150780756138,,,,tray_umum_objek,yaml_fast
2045017529404571741,@sainthoIe @decawarrna berubah jd ompreng mbg,deadlyscen3,1988561512445943808,1776405148,0,0,0,0,0,11,in,2044974773156167942,,,,tray_umum_objek,yaml_fast
1976783074580181356,"@faizal_abidin @Hak2015iim @tempodotco ya lu liat lah rakyat yang dipekerjakan juga tingkahnya gimana, udah dikasih kerjaan buat proses MBG tapi malah seenaknya nyuci ompreng, masak juga seenaknya, pdhl programnya udah bagus. beda pendapat kok ngatain buzzer, blokkkkk",gabutcuy657,1743254023137107968,1760136786,0,0,0,0,0,10,in,1972617357702119840,,,,tray_umum_objek,yaml_fast
1976751795805602258,"@CNNIndonesia @Anita65219720 Stop MBG, yang hanya menjadi wadah untuk meracuni rakyat oleh para komunis",EMusiran,1604246670027300864,1760129329,0,1,0,0,0,64,in,1976598141563740603,,,,tray_umum_objek,yaml_fast
1976694532332007558,"@sociotalker Lha, sekarang juga gurunya udah disuruh ngitung tray makan mbg. Justru kalau diserahkan ke kantin sekolah malah ada yg mengurus, dan itu bukan guru.",WellyRosadi,79647454,1760115676,0,0,0,0,0,224,in,1976602239398744131,,,,tray_umum_objek,yaml_fast
1976683255111033006,"Hoaks jangan dibiarkan tumbuh subur 🚫
Fakta medis sudah jelas terbukti, ompreng MBG aman buat anak-anak kita ✨
Saatnya fokus pada manfaat, bukan fitnah 💪
#LanjutkanMBG https://t.co/H6BG0zycu7",awwahebot,887484958192926720,1760112987,0,0,0,0,0,21,in,1976683255111033006,,,,tray_umum_objek,yaml_fast
1976666991097458976,"Emang kemaren yg keracunan dan yg cepet basi tuh akar permasalahannya di chef nya ya? Bukan di pendistribusian dan penyimpanan bahan baku? Bukan di pemilihan tempat pengelolaan MBG yg kemaren tray nya sampe nyampur sama air got?

Lalu solusinya hire chef?",merseysideliv,1378874700521033732,1760109110,3,0,2,0,0,161,in,1976666991097458976,,,,tray_umum_objek,yaml_fast
1976439407084536247,@woonjuniee 😭😭 iyaaaa. yg alumunium gitu bukan?? yg kaya ompreng mbg?,aeshin_go,1105486651197775872,1760054849,0,1,0,0,0,55,in,1976438128337686643,,,,tray_umum_objek,yaml_fast
1976439403473232221,"@DakotaGeorgy @prabowo Trus suara dia soal ompreng MBG yg jelas2 ada suratnya terkontaminasi lard gimana? Katanya udah ke cina.
Kok gak ada suaranya?",miayam13rb,1411351072451403783,1760054848,0,0,0,0,0,169,in,1976096116371488794,,,,tray_umum_objek,yaml_fast
1976414660833530240,@ziziiyyy Sekilas kirain tray MBG 🤣,guguguggaa,1757797983012499456,1760048949,0,1,0,0,0,130,in,1975995866516508967,,,,tray_umum_objek,yaml_fast
1976245350697713739,@Homo_sapiens21 Serius? Itu tempat makan MBG ada sertifikat halalnya nggal Haikal?,Schuwandi19,1716101726263242752,1760008583,1,0,0,0,0,53,in,1975794215595753817,,,,tray_umum_objek,yaml_fast
1976215766509945292,"Suami pulang kerja habis mandi kusiapin makannya begini krn emang br dikukus kan gak dipindah di wadah lain, eh katanya kayak jatah makan MBG wkwk
Krn stainless² gt https://t.co/im8TWtNAtF",roepawarna,1957046900,1760001529,0,0,0,0,0,59,in,1976189688319983716,,,,tray_umum_objek,yaml_fast
1976148273028063270,"@ajartwiterran @txtdrimedia Nder, kamu beli makanan dimana pun juga ada penyedap nder😭😭 kok aneh² aja. Yg salah bukan oenyedap di kasus MBG, tp cara penyajian, food tray, dan makanan basi yg bikin org keracunan dan MD",CarolineLukita,1957731982328426496,1759985438,1,1,0,0,0,96,in,1976093756274450595,,,,tray_umum_objek,yaml_fast
1976128060551504073,"@Sanpinaa ompreng MBG lubangnya 5, ini sih 4, tapi ya emg sama sih sekilah hahah",jing_haoo,1631473016713658370,1759980618,0,1,0,0,0,14,in,1975797196592455822,,,,tray_umum_objek,yaml_fast
1976059103228342481,"@ridwanhr anak saya suka minta dibawain plastik buat bawa pulang mbg nya pak gub.
sampai rumah trus dikasih ke ayam🫣😁
jarang banget dia makan mbg nya karena pernah lauk yg di tray dia (yg kebetulan dikasihin ke temannya) ada ulatnya🫣",Kenawhysii,1111830077375811584,1759964178,1,0,0,0,0,406,in,1975873482702680465,,,,tray_umum_objek,yaml_fast
1975953670614450488,"Masih gahabis pikir kok org org bisa ngira mbg disabotase, ada yg ngasih racun, kepentingan politik dll??! I mean, wake up. Dari 1 dapur bisa aja cuma sebagian yg keracunan ya karena waktu distribusinya emg ngga bareng?? Terus jg ompreng yg bisa beda kebersihannya??",ydwsgf,1342426467704168455,1759939041,0,1,0,0,0,70,in,1975953670614450488,,,,tray_umum_objek,yaml_fast
1975940856722137473,"Benar, food tray MBG awalnya impor dari China (dikonfirmasi BPJPH pas cek halal di sana, bebas kandungan babi). Tapi pemerintah lagi dorong produksi lokal lewat penghapusan izin impor bahan baku, biar UMKM bisa bersaing (sumber: https://t.co/26jd4acFBI, Juli 2025). Kemandirian emang proses, ini langkah awal. Kamu punya contoh lain?",grok,1720665183188922368,1759935986,0,1,0,0,0,68,in,1975924455223521397,,,,tray_umum_objek,yaml_fast
1975876662349951091,"Di balik program Makan Bergizi Gratis (MBG), ada kisah sederhana dari Danang Dubra Setyo (18) — pemuda asal Jayanti, Tangerang, yang kini bekerja di dapur MBG bagian cuci ompreng.

“Terima kasih Pak Prabowo atas program ini. Semoga makin banyak lowongan kerja untuk masyarakat,” https://t.co/mJXQdxz7ff",penjagaharapan,1919442948653252608,1759920680,10,14,8,0,0,359,in,1975876662349951091,,,,tray_umum_objek,yaml_fast
1975871126388801919,@hahingang_ @jawafess cangkeme kudu disumpel ompreng mbg,dududidamn,895241908410134528,1759919361,0,0,0,0,0,40,in,1975488023157743908,,,,tray_umum_objek,yaml_fast
1975868533541319105,@Homo_sapiens21 Wadah aluminium untuk MBG itu HALAL nggak @Saudi_Halal @HalalSummit @HalalNation_ @halalcorner,kipyiksamgong,985730749209788416,1759918742,2,0,0,0,0,79,in,1975794215595753817,,,,tray_umum_objek,yaml_fast
1975868043470529017,"@FFOODFESS Bekal aku hari ini, ompreng MBG nya samaan kak ☺️
https://t.co/aBCAbpoiA6",twistie_donut,1055200873,1759918626,0,1,0,0,0,220,in,1975734176948125765,,,,tray_umum_objek,yaml_fast
1975843513280655793,males bgt tweet gw di jump in sama opini begini. yg katanya 'hampir' broke the rules dikasi 'reprimand' loh ya. kalo yg broke the rules dapet apa? ompreng mbg? 😁,calibrinis,1547518042359627776,1759912777,0,0,0,0,0,122,in,1975842396777906333,,,,tray_umum_objek,yaml_fast
1971747355075793050,"@sabuncuci_otak @Mdy_Asmara1701 Di lab sukabumi ditemukan bakteri dan jamur di MBG,di Lebak  ditemukan dapur MBG dgn tumpukan food tray yg kotor bercampur limbah, Sultan HB x mengatakan menu MBG cepat basi, km pernah membayangkan ga, menyiapkan mknan ribuan porsi  utk disantap jam 12 siang itu masaknya jam brp",Dog_ter_Tifu,1787434316320129024,1758936177,2,0,0,0,1,196,in,1971595762669883835,,,,tray_suhu_basi,yaml_fast
1970887943335383281,"Semua orang yang telibat dalam kezaliman MBG mendapat dosanya masing-masing.
Mulai dari tray makanan berlapis lemak babi, makanan basi sampai memberikan racun (UPF) ke anak orang.",emulgator23,1312760278728146945,1758731277,0,0,0,0,0,47,in,1970887943335383281,,,,tray_suhu_basi,yaml_fast
1967042728770064423,"@regar_op0sisi ‼️
Sudah saatnya negara harus mengevaluasi MBG. Manfaat dan Pelaksanaan. ""SEKOLAH GRATIS"" dari PAUD hingga SLTA garansi 100% tidak ada : ulet, keracunan, basi, tray yg hilang dan guru2 hrs ganti rugi..✌
○ itu uang rakyat lho. Bukan uang mbah2mu.",Bambang77197468,702038954426535937,1757814507,0,0,0,0,0,30,in,1966744231575515467,,,,tray_suhu_basi,yaml_fast
1971452973575491668,"Sebenarnya klu mau MBG ga basi, klu ngikutin negara2 maju, adalah dgn memasaknya dari pagi. Setidaknya makanan masih anget, diangin2in bentar, trus taroh ke ompreng dan ditutup. Bahkan di Cina sistemnya prasmanan.

Makanya gw meragukan kemaren yg studi MBG belajar apa aja😂",EpicRifqi,1853485940,1758865991,2,0,0,0,0,148,in,1971452973575491668,,,,tray_suhu_basi,yaml_fast
1967040623049114074,"@PreciosaKanti ‼️🥸
Siapapun yg melaksanakan, negara sdh hrs mengevaluasi MBG. Pelaksanaan &amp; manfaat
MBG. 
● Jika MBG diganti ""sekolah gratis"" dari PAUD hingga SLTA garansi tak bakal ada ulet, keracunan, basi, tray hilang hrs diganti guru2..✌",Bambang77197468,702038954426535937,1757814005,0,1,0,0,0,38,in,1966888605303140404,,,,tray_suhu_basi,yaml_fast
1968177854279192967,"Bupati Lumajang melakukan sidak ke dapur Satuan Pemenuhan Pelayan Gizi atas keluhan orang tua siswa krn makanan basi, lauk bau amis, buah potong kecut, makanan belum matang &amp; menemukan dapur MBG belum memiliki mesin pengering untuk ompreng wadah makanan.
https://t.co/pOCd7L9V7N.",FrankyTts,106247388,1758085142,0,0,0,0,0,73,in,1968177854279192967,,,,tray_suhu_basi,yaml_fast
1971166100135215355,"Mbg ni apaan bgt. Kemaren dapat yang pas tutup ompreng dibuka aja udah bau basi njir makanannya, pembunuhan berencana njir. Kata gwa stop dah. Gwa gabutuh MBG butuhnya buku pelajaran njing, harga buku mahal-mahal bgt tai.",Sigm4ritzz,1878286385192566784,1758797595,1,0,0,0,0,170,in,1971166100135215355,,,,tray_suhu_basi,yaml_fast
1971235217093591277,"@ceritasisikanan @gebethcalled @ARSIPAJA nyokap gw punya catering besar di jakarta, menurut beliau wadah MBG itu kan aluminum, kalo makanan panas langsung ditutup, pasti potensi basi lebih gede. mengingat sekali jalan bisa ratusan porsi, pasti mereka masak dari malem, baru disajiin besok paginya. udh rawan segala2nya",SagitaP_,521009839,1758814074,3,0,0,0,0,137,in,1971062103802036616,,,,tray_suhu_basi,yaml_fast
1970268980574331075,"@Fafaakk @ARSIPAJA Jenengan habis masak masih panas langsung ditutup kayak wadah MBG tidak mbak jualannya? Atau di diamkan dulu sampai dingin baru ditutup wadah, jualan anda berapa pcs sehari?",ekosaputro2404,1572064228382769154,1758583705,0,1,0,0,0,2679,in,1969929640321175848,,,,tray_suhu_basi,yaml_fast
1970444646196346889,"@bobby_risakotta 👽🥸
MBG diganti dengan ""Sekolah Gratis"" mulai PAUD hingga SLTA. Garansi 100% tak bakal ada ulat| basi| keracunan| guru tak lagi hrs ganti food tray yg hilang dll.
Kalaupun mau dikorupsi No Problem, yg penting sekolah gratis. TITIK https://t.co/0vaejFnSHY",Bambang77197468,702038954426535937,1758625587,0,0,0,0,0,42,in,1970420495515537918,,,,tray_suhu_basi,yaml_fast
1984015896541852149,"@kompascom Ya bener dingin, kalau panas lalu di masukkn oe tempat makan mbg yg tertutup, apa gak basi nanti?
Kalau basi, anak2 keracunan apa malah gak nambah masalah lagi?",ariefpray,360781744,1761861225,2,0,0,0,0,1298,in,1983910010334679172,,,,tray_suhu_basi,yaml_fast
1973011166638256330,Khusus untuk menangani nasi. Orang Jawa sering menempatkan nasi panas di cething. Biar pendinginan nasi bisa secara alami sesuai suhu ruang. Bukan dikipas angin yg mungkin dinginnya hanya diluar. Kontruksi cething bisa dicontoh wadah utk nasi MBG,YuliantoAja8,1632619419917778944,1759237493,0,0,0,0,0,3,in,1973011166638256330,,,,tray_suhu_basi,yaml_fast
1975051315765186797,"Cegah Keracunan Makan Bergizi Gratis, Dua Siswi Cilacap Ciptakan ""Ompreng"" Pendeteksi Makanan Basi #mbg
https://t.co/WB3Z1YL1tP",SuaraKota_,1969039315998318593,1759723903,0,0,0,0,0,8,in,1975051315765186797,,,,tray_suhu_basi,yaml_fast
1972246573750145333,"@djoniecash2 @txtdaritaxpayer Kotor beda sih ya sama basi

Komponen paling maut dari MBG ini yang basah-basah selanjutnya dibiarkan sedikit hangat di wadah tertutup
Kalo coba pahamin sedikit soal cara tumbuh mikroba, bakal paham juga kalo itu masalah besar
https://t.co/eA4ndmYuhK",Evasour_A,1487533099,1759055200,13,0,0,0,1,347,in,1972126133534732488,,,,tray_suhu_basi,yaml_fast
1961058801886675103,"Nooo!!! uang pajak gue!!!

Kalau di swedia:
- dapur terdesentralisasi di sekolah2 -&gt; mengurangi waktu dr produksi ke konsumsi
- prasmanan -&gt; mengurangi point of contacts jd ga cepet basi (tray, centong, tangan petugas, dsb)

MBG belajarnya sih ke swedia ya, cm ko gini plksnaannya",Ridwanffff,1526485479834603520,1756387827,1,1,0,0,0,139,in,1961058801886675103,,,,tray_suhu_basi,yaml_fast
1971079286338748687,"Barusan diceritain guru lain kalau hari selasa (?) dapet mbg bakmie ada kuahnya dikit (udah terampur sama mie nya). Pas mau dimakan siswa, mie nya udah basi dan ga pada dimakan. 

Beliau bilang ke mas yang ngambil ompreng kalau mie nya udah basi tapi ga di gagas 🙂",klmtr__,1321615655607529473,1758776897,0,0,0,1,1,101,in,1971079286338748687,,,,tray_suhu_basi,yaml_fast
1971376691433071031,"@IndoPopBase Gimana gak keracunan MBG,
Di sini banyak kantor cabang saya lihat jam 12 malam udah pada sibuk buat packing, jam 12 malam loh, sedangkan di bagikan jam 12 siang,
12 jam makanan panas langsung di tutup di wadah stainless apagak basi??",Ridho_tambunan2,3735859640,1758847804,2,0,0,0,0,305,in,1971073094778511523,,,,tray_suhu_basi,yaml_fast
1967180772642898076,"@WagimanDeep212_ ‼️🥸
MBG diganti dengan ""Sekolah Gratis"" Garansi 100% tidak berulat| tdk keracunan| tidak basi| tidak ada Guru yg harus ganti rugi jk Food Tray hilang| tak ada sorong kiri sorong kanan tralala trilili..
● mulai PAUD hingga SLTA gratis. Total free",Bambang77197468,702038954426535937,1757847419,0,2,0,0,0,95,in,1967126864440557985,,,,tray_suhu_basi,yaml_fast
1968917746147598707,"@ardisatriawan Tadi sempet lihat postinga  kepala dapur mbg nggak tahu daerah mana. Katanya keracunan atau makanan basi itu dari ompreng yang nggak bersih. Emang udah di cuci dan di lap. Tapi lapnya nggak bersih, lapnya apek. Jadi bisa membuat makanan terkontaminasi bikin cepat basi/bakteri",tirtaa42,736889728478285824,1758261546,0,1,0,0,0,417,in,1968517659865301173,,,,tray_suhu_basi,yaml_fast
1970196288785526904,"kenapa MBG  bisa beracun? karena makanan udah basi. kenapa bisa basi? ada beberapa kemungkinan. 
1. salah di pencucian ompreng yg gk bersih. pernah ga ngalamin nyuci tepak makan tp masih bau sayur yang sebelumnya? nah itu bisa nyebabin cepet basi makanan barunya.",kangenkamuboleh,1708847120378392576,1758566374,0,1,0,0,0,58,in,1970196267285570014,,,,tray_suhu_basi,yaml_fast
1975382862221484477,"Maaf, guru di sini gaji kecil, daripada beli ompreng dan ganti makanan buat sabotase MBG, mendingan buat kepulin dapur sendiri. Dapur di rumah aja kadang masih dingin, apalagi kepikiran beli barang mahal kek gitu. 

ALIAS, BJIRRR, DAH GAJI DIKIT, FITNAHNYA GAK NGOTAK!",jjongwinterus,1103444980092157952,1759802949,0,0,0,0,0,97,in,1975382862221484477,,,,tray_suhu_basi,yaml_fast
1974869787663880659,"Orang ini bermasalah SERIUS karena dia ga paham pekerjaan, sehingga membisiki presiden dengan informasi yang salah dan membuat anggaran MBG jadi BENGKAK

asalahnya bukan di sterilisasi tapi di KAPASITAS Produksi 1 dapur 4000 porsi, itu jika dengan 10 kompor selesai dalam waktu 40 jam dan itu membuat makan BASI, belum lagi distribusi makanan mateng ke sekolah2 karena makanan matemg terlalu lama pd suhu ruang itulah yng MEMBIAKAN BAKTERI bos

Nih gue jelasin lagi dech, dasar BEGO

Pernyataan pejabat tersebut menunjukkan kegagalan memahami akar masalah sistemik dalam program MBG (Makan Bergizi Gratis). Mari kita bedah...

📉 1. Salah Diagnosis Masalah

Masalah utama bukan pada higienitas air atau alat makan, melainkan pada kapasitas produksi dan rantai waktu distribusi makanan matang.

Produksi 4.000 porsi per dapur dengan 10 kompor berarti rata-rata 400 porsi per kompor.

Dengan waktu masak 1 jam per batch, proses penuh butuh ±40 jam—tidak realistis dalam siklus harian makan siang.

Akibatnya, makanan disimpan terlalu lama pada suhu ruang, di mana zona bahaya bakteri (danger zone) adalah 5°C–60°C. Dalam 2–4 jam, bakteri seperti Bacillus cereus atau Salmonella bisa berkembang biak eksponensial.

Mengganti air biasa dengan air galon tidak menyelesaikan problem ini—bahkan hanya MENAMBAH BIAYA logistik dan operasional tanpa menekan risiko mikrobiologis utama.

🔬 2. Fokus Sterilisasi Salah Arah

Sterilisasi alat makan dengan suhu 120°C adalah STANDARD INDUSTRI UNTUK RUMAH SAKIT atau LABORATORIUM, bukan DAPUR massal sekolah.

Risiko terbesar BUKAN pada alat makan, melainkan kontaminasi silang dari bahan mentah, waktu pendinginan, dan pengemasan makanan panas ke wadah tertutup.

Sistem sterilisasi seharusnya diterapkan pada siklus produksi (proses dan waktu), bukan hanya pada alat.

⚙️ 3. Solusi Teknis yang Tepat

Pendekatan yang benar untuk menjamin higienitas dan efisiensi justru harus mencakup:

a. Desain Dapur Distribusi (Decentralized Kitchen)

🔹️Maksimal 500–800 porsi per dapur.
🔹️Dekat dengan titik konsumsi (radius 1–2 km).

Mengurangi waktu distribusi dan menjaga makanan tetap hangat (≤2 jam dari waktu masak ke konsumsi).

b. Standar Proses Produksi

Gunakan Cook-Chill System atau Retort Food Technology untuk kebutuhan massal jika tetap terpusat.

Implementasi Food Safety Plan berbasis HACCP (Hazard Analysis Critical Control Point).

Suhu penyimpanan <5°C dan pemanasan ulang >75°C sebelum disajikan.

c. Efisiensi Air

Penggunaan air galon hanya relevan untuk air minum langsung, bukan untuk memasak dalam volume besar.

Solusi rasional: filtration + chlorination system di tiap dapur (biaya jauh lebih murah per liter dibanding air galon).

💸 4. Dampak Fiskal

Instruksi seperti “gunakan air galon” dan “sterilisasi alat makan dengan pemanas gas” akan:

Meningkatkan biaya per porsi secara signifikan (±Rp1.000–1.500 tambahan) tanpa peningkatan signifikan pada keamanan pangan.

MENGACAUKAN efisiensi anggaran, karena dana habis di input yang salah sasaran.

🧭 Kesimpulan Strategis

Masalah program MBG bukan higienitas kosmetik, melainkan desain sistemik distribusi dan kapasitas operasional yang cacat metodologi.

Setiap rupiah yang dikeluarkan untuk air galon dan sterilisasi alat makan hanya akan menjadi pemborosan anggaran yang tidak berdampak pada keselamatan konsumsi.

:: WeKa ::

@PurbayaYudhi",WeKa_Ronin,1383295518374121475,1759680623,0,0,0,1,0,232,in,1974869787663880659,,,,tray_suhu_basi,yaml_fast
1974829428048797826,"Presiden Prabowo memperketat standarisasi kebersihan dan keamanan dalam pelaksanaan Program Makan Bergizi Gratis (MBG). Langkah tegas ini diambil untuk mengantisipasi dan mencegah kasus keracunan yang menimpa penerima manfaat program di berbagai daerah agar tidak terulang. Presiden menegaskan bahwa semua Satuan Pelayanan Pemenuhan Gizi (SPPG) harus dilengkapi dengan alat cuci kontainer makanan (ompreng) yang memadai, menggunakan ultraviolet, gas, atau air yang sangat panas. Selain itu, Presiden juga mewajibkan adanya filter air dan tes kit atau pengujian sebelum makanan dikirim kepada penerima manfaat.

#PresidenPrabowo #PrabowoSubianto #MBG #ProgramMBG #MetroTV",Metro_TV,57261519,1759671000,7,6,3,0,0,2991,in,1974829428048797826,,,,tray_suhu_basi,yaml_fast
1974403664195571944,"@DivHumas_Polri Satu lagi yang sangat penting di evaluasi. Tray tempat makan MBG itu harusnya ada ventilasi udara nya. Sehingga nasi dimasak jam 2 pagi, disajikan jam 12 siang, tidak basi dan berair (berlendir). Mau sanitasi bagaimanapun, kalau tray nya model spt itu, potensi basi tetap besar.",Indonesiaguyub,268687443,1759569490,2,0,0,0,0,544,in,1974379746147643721,,,,tray_suhu_basi,yaml_fast
1972870612755599503,"Penerima MBG di sekolah tdk ada yang mengawasi dari pihak BGN

SPPG terjaga kebersihannya, debu dilantai tdk boleh ada
Dapur, tempat saji, harus streril dari sendal/sepatu

Sekolah? 
Lantai di injak sepatu?
Tumpukan di luar ruangan?
Terpapar sinar matahari?
Ompreng pasti panas",IrawanRommi,1348987504985133057,1759203982,4,4,1,0,0,247,in,1972870612755599503,,,,tray_suhu_basi,yaml_fast
1972829928040415455,"Presiden RI Prabowo Subianto memastikan program Makan Bergizi Gratis (MBG) akan terus berjalan. Menurut dia, MBG yang dimulai sejak awal 2025 ini telah berjalan cukup sukses meski masih ada kekurangan.

“Anak-anak kita harus cukup makan, maka Makan Bergizi Gratis berjalan terus. Alhamdulillah hari ini sudah hampir mencapai 30 juta penerima manfaat,” kata Prabowo di Cileungsi, Bogor, Jawa Barat, Senin (29/9/2025).

Presiden mengamini masih ada kekurangan dalam pelaksanaan program MBG, salah satunya terkait insiden keracunan makanan yang dialami sejumlah siswa di beberapa daerah. Karena itu, Prabowo berjanji pemerintah akan membenahi proses memasak hingga distribusi MBG agar diterima dengan baik oleh para penerima manfaat.

“Kita kerja keras sekarang. Semua dapur nanti harus dilengkapi alat-alat cuci ompreng yang benar-benar kuat dengan ultra violet atau dengan gas, atau dengan air yang sangat panas. Kemudian juga filter untuk air harus ada, kemudian test kit sebelum dikirim makanan harus ada. Ini segera kita benahi, semua dapur harus ada tukang masak terlatih,” ujarnya.

Naskah: Mohammad Kholis
Editor | Admin: Gigih | Farraa 

Saksikan Garuda TV di Free to Air atau Streaming melalui:

https://t.co/8OYe9W7AgR | YouTube Garuda TV | Aplikasi Vidio | WeTV (Wewatch) | IndiHome CH111 | Transvision CH824 | FirstMedia CH45

#garudatv #laporan8 #Viral #MBG #MakanBergiziGratis #PresidenPrabowo #KeracunanMBG #PrabowoSubianto #DapurMBG",garudatvnews,502140136,1759194282,0,0,0,0,0,103,in,1972829928040415455,,,,tray_suhu_basi,yaml_fast
1972749557084914014,"Prabowo Pastikan MBG Jalan Terus, Semua Dapur Dilengkapi Sterilisasi & Test Kit Sebelum Makan Dikirim

Bogor - Presiden RI Prabowo Subianto memastikan program Makan Bergizi Gratis (MBG) akan terus berjalan. Menurut dia, MBG yang dimulai sejak awal 2025 ini telah berjalan cukup sukses meski masih ada kekurangan.

""Anak-anak kita harus cukup makan, maka Makan Bergizi Gratis berjalan terus. Alhamdulillah hari ini sudah hampir mencapai 30 juta penerima manfaat,"" kata Prabowo di Cileungsi, Bogor, Jawa Barat, Senin (29/9).

Presiden mengamini masih ada kekurangan dalam pelaksanaan program MBG, salah satunya terkait insiden keracunan makanan yang dialami sejumlah siswa di beberapa daerah. Karena itu, Prabowo berjanji pemerintah akan membenahi proses memasak hingga distribusi MBG agar diterima dengan baik oleh para penerima manfaat.

""Kita kerja keras sekarang. Semua dapur nanti harus dilengkapi alat-alat cuci ompreng yang benar-benar kuat dengan ultra violet atau dengan gas, atau dengan air yang sangat panas. Kemudian juga filter untuk air harus ada, kemudian test kit sebelum dikirim makanan harus ada. Ini segera kita benahi, semua dapur harus ada tukang masak terlatih,"" ujarnya.

Ia pun menyampaikan terima kasih kepada pihak-pihak yang telah bekerja keras dalam pelaksanaan MBG.

""Dari segi statistik dibandingkan dengan yang sudah kita hasilkan ternyata (ada) penyimpangan, kekurangan. bukan penyimpangan sengaja, tapi katakanlah deviasi itu adalah ternyata 0,000017%,"" ucap Presiden.

Sebelumnya, Prabowo juga menekankan keselamatan anak merupakan prioritas utama dalam pelaksanaan MBG. Hal ini disampaikan Menteri Koordinator Bidang Pangan Zulkifli Hasan (Zulhas) usai rapat koordinasi di Kementerian Kesehatan, Minggu (28/9).

“Kemarin, Bapak Presiden setibanya di Tanah Air langsung memimpin beberapa menteri di Halim untuk mengadakan rapat. Salah satu yang dibahas adalah mengenai Makan Bergizi Gratis. Setelah dari Halim, semalam masih melanjutkan pembahasan soal Makan Bergizi Gratis. Dan siang ini, atas instruksi dari Bapak Presiden, kami melakukan rapat koordinasi dengan kementerian dan lembaga yang tadi saya sampaikan kepada saudara-saudara,” kata Zulhas.

Menurutnya, perhatian Prabowo terhadap insiden yang terjadi di sejumlah Satuan Pelayanan Pemenuhan Gizi (SPPG) sangat serius. “Jadi, betapa serius perhatian Bapak Presiden terhadap masalah ini. Saya sampaikan, atas petunjuk dan arahan Bapak Presiden bahwa bagi pemerintah, keselamatan anak adalah prioritas utama. Kami menegaskan, insiden bukan sekadar angka, tetapi menyangkut keselamatan generasi penerus,” tegas Zulhas.

Langkah yang ditempuh meliputi penutupan sementara SPPG bermasalah, evaluasi kedisiplinan di SPPG khususnya juru masak, serta sterilisasi peralatan dan perbaikan sanitasi, kualitas air, dan alur limbah. 

“Kemudian diperintahkan semua kementerian, lembaga, pemda, pemangku kepentingan program MBG ikut dan aktif dalam proses perbaikannya. Kementerian, daerah, lembaga terkait juga harus bersama-sama aktif. Tidak menunggu, tapi aktif melakukan pengawasan,” tegasnya.
@prabowo #Prabowo #MBGJalanTerus #MakanBergiziGratis #SterilisasiDapur #TestKitMakanan #PrioritasKeselamatanAnak #30JutaPenerimaManfaat #PrabowoUntukAnakBangsa #GenerasiSehatIndonesia",RadioElshinta,121640063,1759175120,3,0,1,0,0,891,in,1972749557084914014,,,,tray_suhu_basi,yaml_fast
1972532009739415562,"Standar gizi MBG berdasarkan AKG (Permenkes 28/2019): misal 300-831 kcal energi, 6-26g protein per porsi tergantung usia. Tolak ukur: penuhi kebutuhan harian (20-35% AKG).

Alat test: Pemeriksaan fisik (warna, rasa, aroma); sampel disimpan untuk monitoring. Belum ada alat spesifik disebutkan.

Yang ngetest: Nutrisionis, supervisor SPPG, Dinas Kesehatan, Puskesmas.

Standar kebersihan: WHO Five Keys (bersih, pisah bahan, masak benar, suhu aman, air bersih).

SOP pemilihan bahan: Prioritas lokal, segar (daging merah segar, ikan mata jernih), hindari alergen, verifikasi kualitas.

Alat masak/makan: Stainless steel (tipe 304/316, tebal 0.4-0.6mm), tray 5 kompartemen.

Cara masak: Aman, distribusi <4-6 jam, cek sebelum kirim.

Sumber: BGN, Kemenkes, AIPVOGI, Ralali.",grok,1720665183188922368,1759123253,0,0,0,0,0,50,in,1972494407808266586,,,,tray_suhu_basi,yaml_fast
1971744023028392271,"@zakiberkata Kalau keadaan makanan itu masi hangat dia akan ngeluarin uap
Sedangkan wadah MBG yaitu stainlis yg mana jg bs menyimpan panas, d sajikan campur mulai nasi sm lauknya, trs di tutup rapat siangnya mulai di makan oleh siswa
Uap itu ga bs kluar dn bs menimbulkan kontaminasi bakteri",welek92,1488338169129234432,1758935382,0,0,0,0,0,171,in,1971573426268798988,,,,tray_suhu_basi,yaml_fast
1971364102804210132,"@permendagree @sdenta 1. Dapur hajatan makanan fresh masak disitu makan disitu
2. Mungkin mbg masih panas langsung di packing
3. Mungkin karna pake wadah berulang waktu cuci ada bagian yang kelewatan jadi masih kotor
4. Mungkin yang kerja di mbg bukan orang profesional yang biasa masak banyak beda",Akujodoh_kamu,1157970145387487232,1758844802,0,2,0,0,0,278,in,1971102522602553470,,,,tray_suhu_basi,yaml_fast
1971155336028619104,"Postingan ini melengkapi kembali tulisan yang pernah saya buat pada Kanal X di Bulan Januari 2025. Waktu itu saya melihat beberapa titik yang mungkin dapat menjadi kritis pada pelaksanaan MBG dan tampaknya beberapa titik kritis itu sepertinya menjadi perhatian bagi kita semua hari ini. 

Saya melihat MBG ini sebenarnya program yang bagus (jika tidak mau disebut populis), namun itu hanya terjadi jika program ini berhasil. Ini adalah tentang sebuah metode ""Memasak"" yang mungkin jika memasak itu untuk diri sendiri atau keluarga, dapat dibuat dengan mudah dan simple. Tetapi, ketika ""Memasak""  diperuntukkan untuk skala besar, maka memasak menjadi suatu tata kelola penyelenggaraan makanan yang tidaklah lagi mudah atau simple, tetapi menjadi sebuah sistem yang  kompleks, terintegrasi, dan tidak bisa dijalankan dengan pola pikir dapur rumah tangga biasa. Ini adalah sebuah sistem yang menuntut standar, pengawasan mutu, manajemen risiko, serta koordinasi yang ketat agar aman dan berhasil.

Dari segi produksi makanannya, apa yang harus disiapkan pada pra-produksi, misalnya pemilihan menu, tidak semua resep rumah tangga bisa di-scale up, stabil, tahan simpan, dan konsisten hingga saat penyajian. Lalu, saat produksi yang tentunya ini adalah yang paling rumit, bagaimana teknik pengolahan massal bahan baku dan bumbu sehingga masakan tetap berkualitas tanpa mengorbankan rasa, palatabilitas, dan nilai gizi. Masih banyak lagi dari aspek produksi: kontrol suhu saat memasak, bagaimana penggunaan peralatan memasak, apakah bisa dengan perkakas masak rumahan atau menggunakan perkakas skala industri untuk menjamin mutu, kualitas, dan keamanan pangan. Kemudian sampailah pada proses pasca-produksi, saya membayangkan sebuah dapur sentral yang beroperasi untuk setiap jarak tempuh kurang dari 1 jam perjalanan dari selesai makanan diproduksi hingga makanan disantap, wadah yang higienis, berikut dengan truk pengangkut makanan yang mungkin harus spesifik. Ooh...la...la...

Dalam pikiran saya, ini bukan lagi tentang masak-memasak, ini adalah sebuah tanggung jawab besar yang melibatkan beragam disiplin ilmu yang dijalankan dengan profesional serta penerapan Good Manufacturing Practices. 

Jika semua ini dijalankan dengan baik, MBG dapat terwujud dan berkelanjutan serta menjadi sumber harapan untuk Generasi Emas Indonesia.",drputriadimukti,1214891875309481989,1758795029,0,0,0,0,0,113,in,1971155336028619104,,,,tray_suhu_basi,yaml_fast
1971013897546235952,Muak banget sama berita mbg gak berkualitas yg lalul lalang tanpa henti. Padahal program ini punya potensi untuk menumbuhkan ekonomi rakyat. Mulai dari pesen tray di produsen lokal sampe produksi makanan dengan mengerahkan warga sekitar sekolah biar gak basi. Sayangnya mereka-,dkdbtw,1026287540,1758761307,1,1,0,0,0,59,in,1971013897546235952,,,,tray_suhu_basi,yaml_fast
1971002187611517107,"@sgwkshin Di FB banyak yg share menu MBG, spageti dan burger dimasukkan dlm karbo, di tray akan dilengkapi dg menu protein, sayur, dan susu. 
Tiap sppg ada ahli gizinya, masalah biasanya muncul di tata kelola dapur (menu, rasa, dan basi/tidak).",myshabrina1,1027553470209875968,1758758515,0,0,0,0,0,39,in,1970993801230705037,,,,tray_suhu_basi,yaml_fast
1970492207334596816,@tempodotco Di paksa pemerintah makan MBG dari ompreng haram. Belum lagi makanan basi Dari Katering kebut Semalam.,Pipilioi,1540401188403036160,1758636926,0,0,0,0,0,17,in,1970337325738557482,,,,tray_suhu_basi,yaml_fast
1980799095632781816,"Program MBG dari Badan Gizi Nasional mengusung prinsip Zero Defect tanpa celah untuk kesalahan, demi kualitas terbaik.
Dari bahan baku bersertifikat hingga food tray berteknologi tinggi, BGN memastikan setiap sajian aman, higienis, dan bergizi.
Langkah nyata menuju generasi sehat https://t.co/bH8Ne770Ks",azamseprot,1878435916622217216,1761094280,0,0,0,0,0,65,in,1980799095632781816,,,,tray_material,yaml_fast
1962349719771885794,"Sender pengen beli tumblr stainless steel yg tahan dingin, tapi setelah ada berita MBG kalau wadah stainless steelnya mengandung bahan non halal seder jadi takut. 
Ada yang tau tumblr tahan dingin yg halal/ made in indonesia ngga yaa 💚",tanyarlfes,1371650588,1756695606,2,4,0,0,3,5205,in,1962349719771885794,,,,tray_material,yaml_fast
1960635850548826259,"Ramai polemik Isu terkait keamanan wadah makan pada Program Makan Bergizi Gratis (MBG).https://t.co/MSQCv8Xn8e
#fypシ #MBG https://t.co/BFTdDIXFKo",portonewsonline,1312686803191644161,1756286988,1,0,0,0,0,129,in,1960635850548826259,,,,tray_material,yaml_fast
1960900122688082076,Heboh Ompreng MBG Impor Diduga Mengandung Minyak Babi Kepala Badan Gizi Nasional (BGN) Dadan Hindayana buka suara soal ompreng atau food tray Makan Bergizi Gratis (MBG) yang diimpor dari China diduga mengandung bahan berbahaya dan minyak babi. Dia akan melakukan pengecekan. https://t.co/HlursYSsBq,sasaputri466403,1905086631276912640,1756349995,1,0,0,0,0,323,in,1960900122688082076,,,,tray_material,yaml_fast
1960279419131756865,"kalau alat makan stainless yg banyak beredar di pasaran ada isu kaya tray mbg jg ga ya? jd takut euy
ya Allah… beneran ini mah aku udah pasrah. tolong lindungi kami 😭😭😭",3twonewoo,811435080404979712,1756202008,0,0,0,0,0,29,in,1960279419131756865,,,,tray_material,yaml_fast
1960327929965248622,"Ompreng MBG Pakai Bahan Stainless Steel, Ini Kelebihannya https://t.co/4mDadDL514",detikfood,100182925,1756213574,0,1,0,0,0,247,in,1960327929965248622,,,,tray_material,yaml_fast
1959955523786404075,"TL;DR - Jutaan unit tray MBG bahannya adalah steinless steel 201 ⚠️(((NON FOOD GRADE)))⚠️ dan udah beredar di sekolah-sekolah adek, anak, ponakan, dan cucu kalian. 

Ini ANCAMAN PUBLIC HEALTH YANG SERIUS dan gak boleh dibiarin. 

Kejam banget.",daem_MIA,1289835448185917445,1756124785,10136,80,7708,480,950,399951,in,1959955523786404075,,,,tray_material,yaml_fast
1959933487781494920,"@fahrisalam Dokumen Safety Data Sheet itu mengacu ke pelumas mesin stamping utk membentuk tray Stainless Steel 304. Pertanyaannya skrg, apakah tak ada proses pencucian tray SS 304 itu sebelum dipakai wadah MBG ?",RedandW96922244,1303179073418440704,1756119531,43,1,7,0,1,12154,in,1959900441061548178,,,,tray_material,yaml_fast
1960289871785832917,Badan Gizi Nasional mengecek dugaan ompreng dengan bahan berbahaya dan mengandung minyak babi dari China untuk Program Makan Bergizi Gratis. https://t.co/UPZLgyO3ls,detikcom,69183155,1756204500,1,1,2,0,0,3455,in,1960289871785832917,,,,tray_material,yaml_fast
1951521082118381631,@ARSIPAJA Rumornya food tray mbg tuh ga memenuhi standar food grade ya? Ada yang ngecek tuh orang yg punya alatnya.,gatauahdark,1070505077708775425,1754113858,0,0,0,0,0,79,in,1951478068524228917,,,,tray_material,yaml_fast
1962267319809515942,"fyi aja program mbg ini ada bbrp sekolah yang pake tray besi (yang biasa tempat bekal yang besi) tapi ga food grade, kebayang dong kalo banyak sekolah yang pake itu, bahaya banget kalo udah ga food grade. trus masih mau maksa bilang programnya baik baik aja?",amamordialti,1434408840838012929,1756675960,0,0,0,0,0,176,in,1962267319809515942,,,,tray_material,yaml_fast
1980802541307994149,"Terapkan Prinsip ZERO DEFECT!
Program MBG kini makin ketat dan higienis. Kepala BGN pastikan semua proses di Satuan Pelayanan Pemenuhan Gizi (SPPG) berstandar tinggi:
✅ Rapid test bahan baku
✅ Sterilisasi food tray
✅ Air bersertifikat layak konsumsi

BerKUALITAS itu kewajiban https://t.co/7gCgQ1A9Lf",Ramay4na,1526738394386075648,1761095102,2,0,2,0,0,100,in,1980802541307994149,,,,tray_material,yaml_fast
1962847978399387691,"DUGAAN penggunaan lemak babi dalam proses produksi baki (tray) stainless steel impor untuk program Makan Bergizi Gratis (MBG) menyeruak
https://t.co/gABW7bkflp",mediaindonesia,68930552,1756814400,0,0,0,0,0,424,in,1962847978399387691,,,,tray_material,yaml_fast
1978136394175230413,"pekerja dapur MBG terbakar itu bukan sedang masak. Melainkan sedang melakukan pengeringan ompreng (wadah stenlis) dengan mesin open yang menggunakan bahan bakar gas, dan terdapat kebocoran hingga ada sambaran api
https://t.co/U8Elpvrpfk",FransJarwo62560,1708783755442479104,1760459443,0,0,0,0,0,42,in,1978136394175230413,,,,tray_material,yaml_fast
1980811429566722553,"Prinsip Zero Defect jadi standar baru di dapur MBG! 🚫❌
Dari sterilisasi food tray hingga rapid test bahan baku — semua demi jaminan kualitas gizi terbaik untuk generasi emas Indonesia 🇮🇩✨ https://t.co/07ko7Aiux0",berthasintia,866764644899209216,1761097221,0,0,0,0,0,44,in,1980811429566722553,,,,tray_material,yaml_fast
1974112204707557822,"BGN menghentikan operasional Satuan Pelayanan Pemenuhan Gizi (SPPG di Desa Citatah, Kecamatan Cipatat, Kabupaten Bandung Barat (KBB). Penghentian dilakukan karena pencucian food tray (omprengan stainless) untuk menu MBG.

#detikcom https://t.co/3kv6BMA7mG",detikcom,69183155,1759500001,328,88,165,41,21,74802,in,1974112204707557822,,,,tray_material,yaml_fast
1960171955690283399,"jadi keinget bbrp minggu lalu lewat fyp, ada yang tes pake magnet sama semacam xrd (?) buat buktiin kalo bahan tray mbg bukan Al-304",pyunitasim,1280731034015772673,1756176387,1,0,0,0,0,148,in,1960171955690283399,,,,tray_material,yaml_fast
1960533380149494148,"Beda Ompreng Stainless Steel MBG Kode 304 dan 201, Mana Lebih Aman? https://t.co/fpM8LLVhNa",detikfood,100182925,1756262557,4,2,2,0,0,5756,in,1960533380149494148,,,,tray_material,yaml_fast
1960943388716392898,"Isu dugaan bahan tidak halal pada Food Tray MBG saat ini masih dalam proses recheck dan crosscheck oleh BGN. Mari bijak menerima informasi, jangan mudah terprovokasi isu yang belum jelas kebenarannya https://t.co/kLS2VvODj6",y0giarsana4,1891364597296488448,1756360311,0,0,0,0,0,20,in,1960943388716392898,,,,tray_material,yaml_fast
1960313033542205934,"Heboh Ompreng MBG Diduga Mengandung Bahan Berbahaya dan Minyak Babi, Begini Sikap BGN https://t.co/1FJXMCJAbb",PRFMnews,150589950,1756210022,0,0,0,0,0,1127,in,1960313033542205934,,,,tray_material,yaml_fast
1975778653826130059,@hrdbacot gw bawa bekal pake stainless kalau makan agak bunyi berasa makan pakai ompreng mbg,hiakucl,1371714760127909892,1759897313,0,0,0,0,0,1080,in,1975764859171315803,,,,tray_material,yaml_fast
1975371230661517379,"Kalau food tray MBG produksi Cina dalam proses pembuatannya butuh minyak babi, bukankah tidak menutup kemungkinan kotak-kotak bekal stainless lainnya yang dari Cina juga pakai minyak babi?",uuusyyyy,775909968,1759800176,1,0,0,0,0,32,in,1975371230661517379,,,,tray_material,yaml_fast
1974734553089785992,"@404_null_404_ @daem_MIA Ini mah bukan mbg, klo mbg pake wadah stainless steel",_Eiji_ch_,1514673423955345408,1759648380,4,0,0,0,0,598,in,1974667233701105901,,,,tray_material,yaml_fast
1973628224082182520,"Sebuah video yang beredar di media sosial menghebohkan publik, menampilkan aktivitas petugas dapur atau Satuan Pelayanan Pemenuhan Gizi (SPPG) program Makan Bergizi Gratis (MBG) yang mencuci nampan ompreng stainless dengan cara tidak higenis https://t.co/j1DvXZCo1O",blackshark7890,1735243382023393280,1759384611,194,30,124,7,11,10518,in,1973628224082182520,,,,tray_material,yaml_fast
1973626636118663516,"VIRAL DAPUR MBG MENCUCI NAMPAN OMPRENG TIDAK HIGIENIS👀‼

Sebuah video yang beredar di media sosial menghebohkan publik, menampilkan aktivitas petugas dapur atau Satuan Pelayanan Pemenuhan Gizi (SPPG) program Makan Bergizi Gratis (MBG) yang mencuci nampan ompreng stainless dengan cara tidak higienis.

Para petugas terlihat membersihkan nampan tersebut di dalam bak tanpa menggunakan air mengalir yang steril.

Dalam video tersebut, tampak tiga pegawai pria sedang mencuci nampan menggunakan spons. Mereka mencuci nampan dalam sebuah wadah berisi air sabun, lalu nampan tersebut dilemparkan ke dalam bak berisi air mengalir yang kondisinya tidak steril.

Berdasarkan penelusuran, dapur MBG tersebut berlokasi di Jalan Raya Tagog Munding, Desa Citatah, Kecamatan Cipatat, Kabupaten Bandung Barat.

Akibat kejadian ini, operasional SPPG dihentikan sementara karena tidak sesuai dengan standar operasional prosedur (SOP) yang ditetapkan oleh BGN.

Via IG: ayobandung_official
#elshintaviral",RadioElshinta,121640063,1759384232,1059,185,598,97,143,107388,in,1973626636118663516,,,,tray_material,yaml_fast
1973576682645942626,"Sebuah video yang beredar di media sosial menghebohkan publik, menampilkan aktivitas petugas dapur atau Satuan Pelayanan Pemenuhan Gizi (SPPG) program Makan Bergizi Gratis (MBG) yang mencuci nampan ompreng stainless dengan cara tidak higienis. https://t.co/g4ARZ4m3xS",ayobandungcom,2985307064,1759372323,0,1,0,0,0,247,in,1973576682645942626,,,,tray_material,yaml_fast
1973047894493331960,"@JkntolwihDongo @GoodRecom Coba dipikir secara jaka panjang kegunaan MBG :
Uang Pemerintah terbagi jadi 2 = 1.Untuk Membeli bahan produksi ( alat masak, bhn mentah:sayur, daging, dll), 2.Untuk kegiatan produksi(masak, gaji, tranportasi, kebersihan, wadah makanan,)",Syradhan_27,1629748892186316805,1759246250,0,2,0,0,0,38,in,1972640942344765910,,,,tray_material,yaml_fast
1972808128455754208,"@Nurulygkaukenal Program MBG ini mmg rawan disalah gunakan pemangku kepentingan ntah lawan politik maupun kaum globalist yg tdk menghendaki generasi muda kita maju. 
Bisa menyusupkan racun ke makanan bisa mencampur racun dg bahan baku wadah/nampan MBG.",Xura2505,1844623937306755073,1759189085,1,1,0,0,0,45,in,1972492392562631038,,,,tray_material,yaml_fast
1972662317939638469,@txtdrimedia @grok apakah wadah makanan MBG ada bahan tidak halal nya?,sbachri1981,2660555340,1759154321,0,1,0,0,0,22,in,1972100946571198865,,,,tray_material,yaml_fast
1972585054074483023,"Krakatau Steel bikin gebrakan!

Food tray berbahan Minyak Nabati dari baja berkualitas untuk program Makan Bergizi Gratis.

Siap saingi produk luar dengan bahan SUS 304, halal, dan higienis👇 #MBG #MBGSerapProdukLokal #Hilirisasi #update #news #seketika
https://t.co/QX4TG8ffcS",seketikanet,1696426676065038336,1759135900,0,0,0,0,0,117,in,1972585054074483023,,,,tray_material,yaml_fast
1971995540763418794,"@prabowo Coba dicek Pak, SOP mencuci food tray MBG aja modelnya beginian, saya kuatir bahkan bahan makanan tak dicuci langsung masak. Ini bener2 keterlaluan pengelolaan MBG serampangan hanya demi cuan.

https://t.co/YqQj2EzxI1",KampretPolity,1654641530429378561,1758995349,0,0,0,0,0,0,in,1971995540763418794,,,,tray_material,yaml_fast
1970984737427919174,"Minimal pak, EVALUASI! Cek pembuat atau dapur MBG
2. pembuat udah terapkan dasar kebersihan
3. bahan² yang digunakan masih kondisi kayak makan
4. dapur nya dalam keadaan basic kebersihan
5. alat makan (sendok, garpu, wadah) bersih &amp; dibersihkan dgn baik
6. Menunya tahan lama",jimbrong40,72004925,1758754355,0,0,0,0,0,76,in,1970984737427919174,,,,tray_material,yaml_fast
