tweet_id,created_at,author_username,text_raw,text_clean,sentiment_label,topic,tweet_url,manual_keep,manual_topic_label,manual_issue_category,manual_design_implication,manual_notes
1962795707917836704,2025-09-02 08:32:18,est17_,"@BudiBukanIntel bang bud coba deh tengkok video ini, perihal MBG, yg wadah nya itu dibuat Dari cina Dan bahan bahan nya non foodgrdae
https://t.co/RuZ6deW3q2",bang bud coba deh tengkok video ini perihal mbg yg wadah nya itu dibuat dari cina dan bahan bahan nya non foodgrdae,netral,0,https://x.com/est17_/status/1962795707917836704,,,,,
1969287558590025729,2025-09-20 06:28:36,jisatorio,"Kalau gue inget-inget pelajaran kimia sewaktu SMA, wajar sih ada hipotesis bahwa food tray yang saat ini banyak digunakan jadi salah satu potensi penyebab keracunan. Kalau ga salah, sebagian tray punya grade stainless steel 201 yang sebenarnya ini tuh kurang tahan sama lingkungan lembab, garam, atau panas tinggi karena kandungan mangan tinggi (5,5–7,5%), nikel rendah (3,5–5,5%), & kromium cuma (16–18%).

Tray MBG sudah pasti tuh kan sering terpapar air, deterjen, & residu makanan, yang secara teknis bisa merusak lapisan oksida kromium. Ada reaksi elektrokimia yaitu Fe + O2 + H2O → Fe(OH)2, alias membentuk Fe2O3 (karat). Hasilnya, timbul proses kontaminasi dari leaching logam di tray ke makanan. Mungkin pemikiran ini salah, tapi—

1. Menu MBG kan kadang ada sayur, buah, atau sausnya, yang sebenarnya itu semua bisa aja bersifat asam. Makanan asam (pH < 4,5, kayak tomat, jeruk, atau cuka) bahkan mempercepat korosi tray 201 melalui reaksi H+ dengan lapisan oksida, bikin leaching ion mangan (Mn), nikel (Ni), & kromium (Cr). Sialnya, mangan berlebih bisa bikin gangguan neurologis (tremor, kekakuan otot), sementara kontaminasi nikel memicu alergi kulit atau masalah pernapasan jangka panjang. Jadi apakah set menu super minimalis yang selama ini membagongkan kita ternyata tujuannya adalah supaya anak-anak ga terkontaminasi berlebih? 😵‍💫

2. Makanan panas (misal nasi atau sup) mengeluarkan energi thermal yang memfasilitasi difusi ion dari matriks logam. Ini bisa mempercepat laju migrasi ion sampai 10 kali lipat. Bisa aja proses ini bikin kemunculan timbal (Pb) yang lebih dari 0,01 mg/kg di tray 201. Kalau kita cek kadar ini sudah melebihi batas aman yang ditetapkan sama BPOM.

3. Kira-kira apa yang biasa kita pakai buat nyuci piring? Yak betul. Spons & sabun cuci piring. Kalau pencucian tray 201 memakai spons abrasif atau deterjen kuat (misal mengandung asam sitrat) maka lapisan pasivasi (Cr2O3) bisa terkikis sehingga mempercepat korosi. Bayangkan kalau ada dapur yang mencuci secara massal tanpa prosedur standar. Goresan atau penyok pada tray bisa bikin area tersebut menjadi anoda dalam sel korosi yang mempercepat leaching.

By the way, karena penerima manfaat MBG adalah anak-anak, maka tingkat kerentanannya lebih besar dan reaksi yang timbul bisa lebih cepat, karena metabolisme anak lebih tinggi dibanding orang dewasa.

Lalu bagaimana dengan kasus keracunan yang disebabkan bakteri kayak Salmonella atau E. Coli? Ini mungkin banget dan bisa kita kategorikan sebagai kontaminasi sekunder dari tray rusak atau treatment bahan makanan yang ga sesuai standar higienis. Cuma untuk kemungkinan ini, variabelnya lebih banyak, termasuk variabel ga terduga kayak tingkat imunitas seseorang.

Jadi gmn dong supaya anak-anak ga keracunan MBG? Jawabannya sungguh sederhana wahai bapak ibu sekalian. Intinya dimulai dengan bangun lebih pagi lagi wkwk.",kalau gue inget inget pelajaran kimia sewaktu sma wajar sih ada hipotesis bahwa food tray yang saat ini banyak digunakan jadi salah satu potensi penyebab keracunan kalau ga salah sebagian tray punya grade stainless steel yang sebenarnya ini tuh kurang tahan sama lingkungan lembab garam atau panas tinggi karena kandungan mangan tinggi nikel rendah kromium cuma tray mbg sudah pasti tuh kan sering terpapar air deterjen residu makanan yang secara teknis bisa merusak lapisan oksida kromium ada reaksi elektrokimia yaitu fe o h o fe oh alias membentuk fe o karat hasilnya timbul proses kontaminasi dari leaching logam di tray ke makanan mungkin pemikiran ini salah tapi menu mbg kan kadang ada sayur buah atau sausnya yang sebenarnya itu semua bisa aja bersifat asam makanan asam ph kayak tomat jeruk atau cuka bahkan mempercepat korosi tray melalui reaksi h dengan lapisan oksida bikin leaching ion mangan mn nikel ni kromium cr sialnya mangan berlebih bisa bikin gangguan neurologis tremor kekakuan otot sementara kontaminasi nikel memicu alergi kulit atau masalah pernapasan jangka panjang jadi apakah set menu super minimalis yang selama ini membagongkan kita ternyata tujuannya adalah supaya anak anak ga terkontaminasi berlebih makanan panas misal nasi atau sup mengeluarkan energi thermal yang memfasilitasi difusi ion dari matriks logam ini bisa mempercepat laju migrasi ion sampai kali lipat bisa aja proses ini bikin kemunculan timbal pb yang lebih dari mg kg di tray kalau kita cek kadar ini sudah melebihi batas aman yang ditetapkan sama bpom kira kira apa yang biasa kita pakai buat nyuci piring yak betul spons sabun cuci piring kalau pencucian tray memakai spons abrasif atau deterjen kuat misal mengandung asam sitrat maka lapisan pasivasi cr o bisa terkikis sehingga mempercepat korosi bayangkan kalau ada dapur yang mencuci secara massal tanpa prosedur standar goresan atau penyok pada tray bisa bikin area tersebut menjadi anoda dalam sel korosi yang mempercepat leaching by the way karena penerima manfaat mbg adalah anak anak maka tingkat kerentanannya lebih besar dan reaksi yang timbul bisa lebih cepat karena metabolisme anak lebih tinggi dibanding orang dewasa lalu bagaimana dengan kasus keracunan yang disebabkan bakteri kayak salmonella atau e coli ini mungkin banget dan bisa kita kategorikan sebagai kontaminasi sekunder dari tray rusak atau treatment bahan makanan yang ga sesuai standar higienis cuma untuk kemungkinan ini variabelnya lebih banyak termasuk variabel ga terduga kayak tingkat imunitas seseorang jadi gmn dong supaya anak anak ga keracunan mbg jawabannya sungguh sederhana wahai bapak ibu sekalian intinya dimulai dengan bangun lebih pagi lagi wkwk,negatif,0,https://x.com/jisatorio/status/1969287558590025729,,,,,
1973249312185524367,2025-10-01 04:51:11,omongomongcom,"Kepercayaan terhadap MBG diguncang oleh dugaan bahwa food tray atau ompreng impor asal Tiongkok yang dipakai dalam MBG diproduksi menggunakan minyak atau lemak babi dalam proses pencetakannya.

Ulasan Ahmad Safii Hafid:
https://t.co/UIbVde871s https://t.co/mBtwHI2lkz",kepercayaan terhadap mbg diguncang oleh dugaan bahwa food tray atau ompreng impor asal tiongkok yang dipakai dalam mbg diproduksi menggunakan minyak atau lemak babi dalam proses pencetakannya ulasan ahmad safii hafid,netral,0,https://x.com/omongomongcom/status/1973249312185524367,,,,,
1964910833387065820,2025-09-08 04:37:03,jxxxng_,"@GoodRecom lah guru gak ngebagiin ompreng bjir. ama pihak MBG nya ditaroh di ruang giru, trus siswa nya yg ngambil. udahnya dianterin lagi ke ruang guru ama siswa nya. guru hampir ga ngapa ngapaun, suruh nyicip doang.",lah guru gak ngebagiin ompreng bjir ama pihak mbg nya ditaroh di ruang giru trus siswa nya yg ngambil udahnya dianterin lagi ke ruang guru ama siswa nya guru hampir ga ngapa ngapaun suruh nyicip doang,netral,0,https://x.com/jxxxng_/status/1964910833387065820,,,,,
1960705597197726088,2025-08-27 14:06:57,notastroboee,"@tanyakanrl dan yap betul kemarin ngurus import tempat makan MBG, dan yap mostly dari Shandong China.. dan sempet kena pemeriksaan bece",dan yap betul kemarin ngurus import tempat makan mbg dan yap mostly dari shandong china dan sempet kena pemeriksaan bece,netral,0,https://x.com/notastroboee/status/1960705597197726088,,,,,
1964932314171060697,2025-09-08 06:02:25,kumparan,"Kepala BPJPH, Haikal Hassan, menegaskan pihaknya akan terbang ke China untuk memeriksa langsung food tray atau wadah makan dalam program Makan Bergizi Gratis (MBG) yang diduga mengandung lemak babi. Menurutnya, langkah ini diambil agar isu tersebut tidak hanya ditanggapi sebagai rumor atau hoaks, melainkan diverifikasi melalui audit menyeluruh. BPJPH juga berkomitmen melakukan sertifikasi halal, bukan hanya untuk makanan, tapi juga dapur, menu, serta peralatan yang digunakan dalam program MBG.

Haikal menambahkan bahwa jaminan halal akan mencakup semua aspek, termasuk sertifikasi halal bagi dapur penyedia dan penunjukan penyelia halal. Hal ini menjadi bagian dari sinergi BPJPH dengan Badan Gizi Nasional (BGN) dalam menjamin pemenuhan gizi nasional yang sesuai standar halal. Dengan demikian, kepastian halal tidak hanya melekat pada makanan yang dikonsumsi, melainkan juga peralatan penunjangnya.

Sementara itu, Kepala BGN Dadan Handayana menjelaskan bahwa penggunaan food tray impor dari China dilakukan karena produksi dalam negeri belum mencukupi kebutuhan program MBG. Kapasitas produksi dalam negeri hanya sekitar 10 juta tray per bulan, sementara kebutuhan mencapai 70 juta tray tambahan hingga akhir tahun. Ia memastikan ke depan BGN akan melakukan pengadaan food tray untuk wilayah 3T dengan memprioritaskan produk dalam negeri, melibatkan BPJPH, BPOM, serta Kementerian Perindustrian untuk sertifikasi halal, higienitas, dan SNI.

📸: Dok. Antara.

Jaga Indonesia lewat fakta sebuah gerakan kolaboratif untuk mendorong masyarakat lebih kritis, bijak, dan selalu berpegang pada fakta dalam menyikapi isu-isu serta persoalan bangsa. Seluruh masyarakat indonesia harus berperan aktif menjaga Indonesia dari berbagai sisi, mulai dari ekonomi, politik, pendidikan, pangan, energi, lingkungan, hingga kebudayaan.

Mari bersama jaga Indonesia lewat fakta.

#bisnisupdate #update #bisnis #oneliner #makanbergizigratis #mbg #bpjph #halal #bgn #foodtray #china #produkhalal #info #infoterkini #berita #beritaterkini #jagaindonesia #bicarafaktalewatberita #kumparan #JagaIndonesiaLewatFakta",kepala bpjph haikal hassan menegaskan pihaknya akan terbang ke china untuk memeriksa langsung food tray atau wadah makan dalam program makan bergizi gratis mbg yang diduga mengandung lemak babi menurutnya langkah ini diambil agar isu tersebut tidak hanya ditanggapi sebagai rumor atau hoaks melainkan diverifikasi melalui audit menyeluruh bpjph juga berkomitmen melakukan sertifikasi halal bukan hanya untuk makanan tapi juga dapur menu serta peralatan yang digunakan dalam program mbg haikal menambahkan bahwa jaminan halal akan mencakup semua aspek termasuk sertifikasi halal bagi dapur penyedia dan penunjukan penyelia halal hal ini menjadi bagian dari sinergi bpjph dengan badan gizi nasional bgn dalam menjamin pemenuhan gizi nasional yang sesuai standar halal dengan demikian kepastian halal tidak hanya melekat pada makanan yang dikonsumsi melainkan juga peralatan penunjangnya sementara itu kepala bgn dadan handayana menjelaskan bahwa penggunaan food tray impor dari china dilakukan karena produksi dalam negeri belum mencukupi kebutuhan program mbg kapasitas produksi dalam negeri hanya sekitar juta tray per bulan sementara kebutuhan mencapai juta tray tambahan hingga akhir tahun ia memastikan ke depan bgn akan melakukan pengadaan food tray untuk wilayah t dengan memprioritaskan produk dalam negeri melibatkan bpjph bpom serta kementerian perindustrian untuk sertifikasi halal higienitas dan sni dok antara jaga indonesia lewat fakta sebuah gerakan kolaboratif untuk mendorong masyarakat lebih kritis bijak dan selalu berpegang pada fakta dalam menyikapi isu isu serta persoalan bangsa seluruh masyarakat indonesia harus berperan aktif menjaga indonesia dari berbagai sisi mulai dari ekonomi politik pendidikan pangan energi lingkungan hingga kebudayaan mari bersama jaga indonesia lewat fakta bisnisupdate update bisnis oneliner makanbergizigratis mbg bpjph halal bgn foodtray china produkhalal info infoterkini berita beritaterkini jagaindonesia bicarafaktalewatberita kumparan jagaindonesialewatfakta,positif,0,https://x.com/kumparan/status/1964932314171060697,,,,,
1973735096881655992,2025-10-02 13:01:31,pikiran_rakyat,"Satuan Pelayanan Pemenuhan Gizi (SPPG) Slipi, Palmerah, Jakarta Barat, membeberkan cara mencegah terjadinya kejadian luar biasa (KLB) seperti keracunan usai menyantap Makan Bergizi Gratis (MBG).

Koordinator SPPG Wilayah Jakarta Barat, Yudha Permana, menegaskan kunci utama ada pada penerapan Critical Control Point (CCP). Menurutnya, CCP dilakukan tidak ketika bahan baku datang tapi mulai dari pemilihan menu sudah mempertimbangkan Angka Kecukupan Gizi (AKG).

""Jadi di setiap SPPG itu dipastikan bahwa mereka menjaga CCP atau Critical Control Point. Ini mulai dari awal, sebetulnya tidak ketika bahan baku datang saja, tapi dari awal pembuatan menu. Kita pastikan AKG, Angka Kecukupan Gizinya terpenuhi,"" katanya kepada wartawan, dikutip Sabtu, 27 September 2025.

Yudha mencontohkan, kini susu tidak lagi mengandung kadar gula tinggi. Sebab, Badan Gizi Nasional (BGN) sudah mengingatkan SPPG untuk tidak memberi susu berkadar gula tinggi.

“Itu salah satu bentuk pemilihan pembuatan menu. Baik itu tadi angka kecukupan gizinya, kemudian pemilihan apapun, komponen yang terdapat di dalam ompreng,” tuturnya.

Selain itu, menu disusun rutin setiap pekan melalui rapat tim gizi, agar variasi tetap terjaga. Hingga kini, SPPG Palmerah sudah mengembangkan lebih dari 40 jenis menu, termasuk menyesuaikan permintaan siswa agar mereka tidak bosan.

“Kita sering juga mendengarkan request-request dari siswa. Apakah dia, contoh yang terakhir itu, mereka pingin burger, kita coba fasilitasi. Hal-hal ini yang membuat anak-anak itu menjadi lebih nafsu makan, karena mereka juga merasa bahwa apa yang mereka inginkan itu bisa tersalurkan,“ ucap Yudha.

Asep Bidin Rosidin/PRMN

#MBG #news #SPPG #MakanBergizi",satuan pelayanan pemenuhan gizi sppg slipi palmerah jakarta barat membeberkan cara mencegah terjadinya kejadian luar biasa klb seperti keracunan usai menyantap makan bergizi gratis mbg koordinator sppg wilayah jakarta barat yudha permana menegaskan kunci utama ada pada penerapan critical control point ccp menurutnya ccp dilakukan tidak ketika bahan baku datang tapi mulai dari pemilihan menu sudah mempertimbangkan angka kecukupan gizi akg jadi di setiap sppg itu dipastikan bahwa mereka menjaga ccp atau critical control point ini mulai dari awal sebetulnya tidak ketika bahan baku datang saja tapi dari awal pembuatan menu kita pastikan akg angka kecukupan gizinya terpenuhi katanya kepada wartawan dikutip sabtu september yudha mencontohkan kini susu tidak lagi mengandung kadar gula tinggi sebab badan gizi nasional bgn sudah mengingatkan sppg untuk tidak memberi susu berkadar gula tinggi itu salah satu bentuk pemilihan pembuatan menu baik itu tadi angka kecukupan gizinya kemudian pemilihan apapun komponen yang terdapat di dalam ompreng tuturnya selain itu menu disusun rutin setiap pekan melalui rapat tim gizi agar variasi tetap terjaga hingga kini sppg palmerah sudah mengembangkan lebih dari jenis menu termasuk menyesuaikan permintaan siswa agar mereka tidak bosan kita sering juga mendengarkan request request dari siswa apakah dia contoh yang terakhir itu mereka pingin burger kita coba fasilitasi hal hal ini yang membuat anak anak itu menjadi lebih nafsu makan karena mereka juga merasa bahwa apa yang mereka inginkan itu bisa tersalurkan ucap yudha asep bidin rosidin prmn mbg news sppg makanbergizi,positif,0,https://x.com/pikiran_rakyat/status/1973735096881655992,,,,,
1960639924048441641,2025-08-27 09:45:59,ampegosong,"@tanyakanrl Woi, anjing ni orang yg pesen wadah MBG ga ada otak anjing",woi anjing ni orang yg pesen wadah mbg ga ada otak anjing,netral,1,https://x.com/ampegosong/status/1960639924048441641,,,,,
1979032735684661496,2025-10-17 03:52:27,pasfm,"Presiden Prabowo nyatakan pemerintah perketat penerapan SOP  pelaksanaan program Makan Bergizi Gratis MBG untuk cegah insiden keracunan dan berbagai persoalan lainnya. Selain perketat pengawasan, SOP pihaknya juga beli peralatan-peralatan baru, filter untuk air, perangkat uji, sterilisasi air, dan sterilisasi ompreng.",presiden prabowo nyatakan pemerintah perketat penerapan sop pelaksanaan program makan bergizi gratis mbg untuk cegah insiden keracunan dan berbagai persoalan lainnya selain perketat pengawasan sop pihaknya juga beli peralatan peralatan baru filter untuk air perangkat uji sterilisasi air dan sterilisasi ompreng,netral,0,https://x.com/pasfm/status/1979032735684661496,,,,,
1960266000051372298,2025-08-26 09:00:09,_waztra,"tl dr: 
-tray mbg dilabeli made in indonesia, tp sebenernya made in china
-ada batch yang pake stainless steel non foodgrade (pantes pada keracunan)
-ada label halal tapi pake lard",tl dr tray mbg dilabeli made in indonesia tp sebenernya made in china ada batch yang pake stainless steel non foodgrade pantes pada keracunan ada label halal tapi pake lard,netral,0,https://x.com/_waztra/status/1960266000051372298,,,,,
1964649636196692250,2025-09-07 11:19:09,bakanosan1,"@PNS_Ababil Iya, malah nambahin tugas guru, bagi2 MBG, bagi2 buah/pisang, kalau tidak habis di pisah masukin wadah/kresek makanan sisanya, hitung rantangnnya biar ngak hilang dan suruh ganti...",iya malah nambahin tugas guru bagi mbg bagi buah pisang kalau tidak habis di pisah masukin wadah kresek makanan sisanya hitung rantangnnya biar ngak hilang dan suruh ganti,netral,0,https://x.com/bakanosan1/status/1964649636196692250,,,,,
1964935555688595909,2025-09-08 06:15:17,pnggunaskitar_,ada benernya nih 🙂 piket MBG harus memastikan rantang ataupun ompreng utuh tetap jumlahnya,ada benernya nih piket mbg harus memastikan rantang ataupun ompreng utuh tetap jumlahnya,netral,2,https://x.com/pnggunaskitar_/status/1964935555688595909,,,,,
1959911350970560650,2025-08-25 09:30:54,barengwarga,"Coba tebak-tebakan, kenapa tray MBG yg dibeli dari china dipaksakan pakai label Made in indonesia?

Apakah keracunan diberbagai daerah ada hubungannya dengan zat berbahaya di tray makanan ini? https://t.co/jPhNUGZYSO",coba tebak tebakan kenapa tray mbg yg dibeli dari china dipaksakan pakai label made in indonesia apakah keracunan diberbagai daerah ada hubungannya dengan zat berbahaya di tray makanan ini,negatif,0,https://x.com/barengwarga/status/1959911350970560650,,,,,
1970510544273842672,2025-09-23 15:28:18,troublemaekers,"@gundammecha1 @olie9arki Negara lain sibuk inovasi, disini malah ngurusi ompreng MBG proyek gajelas dan nyulik aktivis. Cupu.",negara lain sibuk inovasi disini malah ngurusi ompreng mbg proyek gajelas dan nyulik aktivis cupu,netral,0,https://x.com/troublemaekers/status/1970510544273842672,,,,,
1959965853568622952,2025-08-25 13:07:28,tilehopper,"TONIGHT 🔴LIVE @ 20.30 WIB 
🎬: https://t.co/VWRSwj83S0

Spicy Talk malam ini kita bakal bahas demo sus di Jakarta, update udang radioaktif, gue cerita iri dan dengki gue terhadap scavenger hunt-nya Zohran Mamdani dan...tray MBG mengandum minyak babi??? https://t.co/zj0qxL6h4W",tonight live wib spicy talk malam ini kita bakal bahas demo sus di jakarta update udang radioaktif gue cerita iri dan dengki gue terhadap scavenger hunt nya zohran mamdani dan tray mbg mengandum minyak babi,netral,1,https://x.com/tilehopper/status/1959965853568622952,,,,,
1978225159799476571,2025-10-14 22:23:26,lokastiti,Tolong koreksi kalo gue salah. Tp belio ini bikin video kek gini juga gak pas pesantren ambruk? Korupsi kuota haji? Pas nama NU disangkutpautin sama tambang? Pas tray MBG ada minyak babinya??????,tolong koreksi kalo gue salah tp belio ini bikin video kek gini juga gak pas pesantren ambruk korupsi kuota haji pas nama nu disangkutpautin sama tambang pas tray mbg ada minyak babinya,netral,-1,https://x.com/lokastiti/status/1978225159799476571,,,,,
1974061009150361997,1759487795,BloombergTZ,"Soal Isu Minyak Babi, BPJPH Sebut Food Tray MBG Halal  https://t.co/6RmEUj9JyE",soal isu minyak babi bpjph sebut food tray mbg halal,netral,0,https://x.com/BloombergTZ/status/1974061009150361997,,,,,
2045470035653890389,1776513034,woohshik,@xrigadir @_ Diem lu ompreng mbg,diem lu ompreng mbg,netral,2,https://x.com/woohshik/status/2045470035653890389,,,,,
2045515136648261754,1776523787,Temon84694331,@wahabi92013848 @MiskinTV_ Ngomong apa sih,ngomong apa sih,netral,1,https://x.com/Temon84694331/status/2045515136648261754,,,,,
2045552578038243837,1776532713,gojonegoro,HAh Anjg gw mimpiin apa ya apa gw brusan liat sesuatu gw lupa tp somebody looked sm like victoria neuman,hah anjg gw mimpiin apa ya apa gw brusan liat sesuatu gw lupa tp somebody looked sm like victoria neuman,positif,1,https://x.com/gojonegoro/status/2045552578038243837,,,,,
1973933197684846601,1759457322,ExxaLatifa,"SPPG Polri telah menerapkan sistem sanitasi ketat untuk memastikan program MBG higienis. Proses pencucian alat masak dan ompreng atau food tray MBG dilakukan dengan membersihkn sisa makanan hingga memanaskannya di dalam oven.
#LanjutkanMBG 

Bjorka Pigai Tele Totobrut Carey Irfan https://t.co/YnPjaUvSWj",sppg polri telah menerapkan sistem sanitasi ketat untuk memastikan program mbg higienis proses pencucian alat masak dan ompreng atau food tray mbg dilakukan dengan membersihkn sisa makanan hingga memanaskannya di dalam oven lanjutkanmbg bjorka pigai tele totobrut carey irfan,positif,0,https://x.com/ExxaLatifa/status/1973933197684846601,,,,,
2045159767757533202,1776439060,woonhakn,SIAP MENGAMBIL OMPRENG MBG DENGAN SEMANGAT 45!!! https://t.co/GHoygfBUD4,siap mengambil ompreng mbg dengan semangat,netral,1,https://x.com/woonhakn/status/2045159767757533202,,,,,
1977373868399394940,1760277642,KabarMuh_ID,"Isu Minyak Babi di Foof Tray MBG, Badan Gizi Nasional Libatkan Majelis Tarjih https://t.co/XDPgm3eQXu",isu minyak babi di foof tray mbg badan gizi nasional libatkan majelis tarjih,netral,0,https://x.com/KabarMuh_ID/status/1977373868399394940,,,,,
2045540439185649728,1776529819,chemikeul,@_jaehoney_ hnggg iya tincasenya bikin inget ompreng mbg🥺,hnggg iya tincasenya bikin inget ompreng mbg,netral,2,https://x.com/chemikeul/status/2045540439185649728,,,,,
1979463643042582789,1760775883,ExxaLatifa,"Yukk bergabung dan ikut berkontribusi  dalam Forum Makan Bergizi Gratis (MBG) menjadi wadah kolaborasi bagi siapa pun yg peduli terhadap program gizi dan kesejahteraan masyarakat.
🔗 https://t.co/Zed9pu0vo2

#ForumMBG #LanjutkanMBG
.
Timothy JOSSGAWIN IN LOS ANGELES #JG1STFMINLA",yukk bergabung dan ikut berkontribusi dalam forum makan bergizi gratis mbg menjadi wadah kolaborasi bagi siapa pun yg peduli terhadap program gizi dan kesejahteraan masyarakat forummbg lanjutkanmbg timothy jossgawin in los angeles jg stfminla,netral,0,https://x.com/ExxaLatifa/status/1979463643042582789,,,,,
2045486168436093061,1776516880,TAERIYAKll,Vibes lu kayak ompreng mbg soalnya,vibes lu kayak ompreng mbg soalnya,netral,1,https://x.com/TAERIYAKll/status/2045486168436093061,,,,,
2045505027134128163,1776521376,g0ruyeon,ngantri ambil ompreng mbg kah guys? https://t.co/GnRFPv5smb,ngantri ambil ompreng mbg kah guys,netral,1,https://x.com/g0ruyeon/status/2045505027134128163,,,,,
2045509164202643713,1776522363,iyyam04z,@iyandoras ompreng mbg tapi isinya woonhak??,ompreng mbg tapi isinya woonhak,netral,2,https://x.com/iyyam04z/status/2045509164202643713,,,,,
2045535706815336859,1776528691,akkr19m,Physically men but... au ah takut jadi ompreng mbg,physically men but au ah takut jadi ompreng mbg,negatif,1,https://x.com/akkr19m/status/2045535706815336859,,,,,
2045331412610625681,1776479983,tiasshm,"@shutuppleasey @menuembegejelek Di minggu ini baru kejadian di kelasku, karena MBG ini sungguh menyita waktu guru kelas dan guru mapel yang udah kepotong 10 menit dan untuk berberes ompreng di kelas, datanglah orang bagian MBG mau bikin konten setelah kami tahfizh di kelas dan itu buat kesel ga kuramahin lantak",di minggu ini baru kejadian di kelasku karena mbg ini sungguh menyita waktu guru kelas dan guru mapel yang udah kepotong menit dan untuk berberes ompreng di kelas datanglah orang bagian mbg mau bikin konten setelah kami tahfizh di kelas dan itu buat kesel ga kuramahin lantak,netral,0,https://x.com/tiasshm/status/2045331412610625681,,,,,
2045405732607324379,1776497703,DidiSupard90648,"Tenaga honorer sekitar 100 - 500 rb / bulan, tukang cuci ompreng MBG 1,5 - 3 JT / bulan. 
Indonesia sakit
Pemimpinnya sakit
Penerima MBG keracunan
@prabowo 
@DPR_RI 
@mprgoid",tenaga honorer sekitar rb bulan tukang cuci ompreng mbg jt bulan indonesia sakit pemimpinnya sakit penerima mbg keracunan,netral,0,https://x.com/DidiSupard90648/status/2045405732607324379,,,,,
2045542491827699824,1776530309,kipiks,@Lavandula211 Coba nyari di pinterest 'ompreng MBG',coba nyari di pinterest ompreng mbg,netral,2,https://x.com/kipiks/status/2045542491827699824,,,,,
2045529286451564597,1776527160,_junconscious_,Akhirnya ada guna ompreng mbg yang lebih bermanfaat 🙂↕️👍🏽,akhirnya ada guna ompreng mbg yang lebih bermanfaat,netral,2,https://x.com/_junconscious_/status/2045529286451564597,,,,,
2045383150780756138,1776492319,bangjohnmlbb,"Ompreng MBG🗿
#mlbb #mobilelegend https://t.co/cFfHu8GELA",ompreng mbg mlbb mobilelegend,netral,2,https://x.com/bangjohnmlbb/status/2045383150780756138,,,,,
2045017529404571741,1776405148,deadlyscen3,@sainthoIe @decawarrna berubah jd ompreng mbg,berubah jd ompreng mbg,netral,2,https://x.com/deadlyscen3/status/2045017529404571741,,,,,
1976783074580181356,1760136786,gabutcuy657,"@faizal_abidin @Hak2015iim @tempodotco ya lu liat lah rakyat yang dipekerjakan juga tingkahnya gimana, udah dikasih kerjaan buat proses MBG tapi malah seenaknya nyuci ompreng, masak juga seenaknya, pdhl programnya udah bagus. beda pendapat kok ngatain buzzer, blokkkkk",ya lu liat lah rakyat yang dipekerjakan juga tingkahnya gimana udah dikasih kerjaan buat proses mbg tapi malah seenaknya nyuci ompreng masak juga seenaknya pdhl programnya udah bagus beda pendapat kok ngatain buzzer blokkkkk,positif,0,https://x.com/gabutcuy657/status/1976783074580181356,,,,,
1976751795805602258,1760129329,EMusiran,"@CNNIndonesia @Anita65219720 Stop MBG, yang hanya menjadi wadah untuk meracuni rakyat oleh para komunis",stop mbg yang hanya menjadi wadah untuk meracuni rakyat oleh para komunis,netral,0,https://x.com/EMusiran/status/1976751795805602258,,,,,
1976694532332007558,1760115676,WellyRosadi,"@sociotalker Lha, sekarang juga gurunya udah disuruh ngitung tray makan mbg. Justru kalau diserahkan ke kantin sekolah malah ada yg mengurus, dan itu bukan guru.",lha sekarang juga gurunya udah disuruh ngitung tray makan mbg justru kalau diserahkan ke kantin sekolah malah ada yg mengurus dan itu bukan guru,netral,0,https://x.com/WellyRosadi/status/1976694532332007558,,,,,
1976683255111033006,1760112987,awwahebot,"Hoaks jangan dibiarkan tumbuh subur 🚫
Fakta medis sudah jelas terbukti, ompreng MBG aman buat anak-anak kita ✨
Saatnya fokus pada manfaat, bukan fitnah 💪
#LanjutkanMBG https://t.co/H6BG0zycu7",hoaks jangan dibiarkan tumbuh subur fakta medis sudah jelas terbukti ompreng mbg aman buat anak anak kita saatnya fokus pada manfaat bukan fitnah lanjutkanmbg,positif,0,https://x.com/awwahebot/status/1976683255111033006,,,,,
1976666991097458976,1760109110,merseysideliv,"Emang kemaren yg keracunan dan yg cepet basi tuh akar permasalahannya di chef nya ya? Bukan di pendistribusian dan penyimpanan bahan baku? Bukan di pemilihan tempat pengelolaan MBG yg kemaren tray nya sampe nyampur sama air got?

Lalu solusinya hire chef?",emang kemaren yg keracunan dan yg cepet basi tuh akar permasalahannya di chef nya ya bukan di pendistribusian dan penyimpanan bahan baku bukan di pemilihan tempat pengelolaan mbg yg kemaren tray nya sampe nyampur sama air got lalu solusinya hire chef,negatif,0,https://x.com/merseysideliv/status/1976666991097458976,,,,,
1976439407084536247,1760054849,aeshin_go,@woonjuniee 😭😭 iyaaaa. yg alumunium gitu bukan?? yg kaya ompreng mbg?,iyaaaa yg alumunium gitu bukan yg kaya ompreng mbg,netral,-1,https://x.com/aeshin_go/status/1976439407084536247,,,,,
1976439403473232221,1760054848,miayam13rb,"@DakotaGeorgy @prabowo Trus suara dia soal ompreng MBG yg jelas2 ada suratnya terkontaminasi lard gimana? Katanya udah ke cina.
Kok gak ada suaranya?",trus suara dia soal ompreng mbg yg jelas ada suratnya terkontaminasi lard gimana katanya udah ke cina kok gak ada suaranya,negatif,-1,https://x.com/miayam13rb/status/1976439403473232221,,,,,
1976414660833530240,1760048949,guguguggaa,@ziziiyyy Sekilas kirain tray MBG 🤣,sekilas kirain tray mbg,netral,2,https://x.com/guguguggaa/status/1976414660833530240,,,,,
1976245350697713739,1760008583,Schuwandi19,@Homo_sapiens21 Serius? Itu tempat makan MBG ada sertifikat halalnya nggal Haikal?,serius itu tempat makan mbg ada sertifikat halalnya nggal haikal,netral,0,https://x.com/Schuwandi19/status/1976245350697713739,,,,,
1976215766509945292,1760001529,roepawarna,"Suami pulang kerja habis mandi kusiapin makannya begini krn emang br dikukus kan gak dipindah di wadah lain, eh katanya kayak jatah makan MBG wkwk
Krn stainless² gt https://t.co/im8TWtNAtF",suami pulang kerja habis mandi kusiapin makannya begini krn emang br dikukus kan gak dipindah di wadah lain eh katanya kayak jatah makan mbg wkwk krn stainless gt,netral,0,https://x.com/roepawarna/status/1976215766509945292,,,,,
1976148273028063270,1759985438,CarolineLukita,"@ajartwiterran @txtdrimedia Nder, kamu beli makanan dimana pun juga ada penyedap nder😭😭 kok aneh² aja. Yg salah bukan oenyedap di kasus MBG, tp cara penyajian, food tray, dan makanan basi yg bikin org keracunan dan MD",nder kamu beli makanan dimana pun juga ada penyedap nder kok aneh aja yg salah bukan oenyedap di kasus mbg tp cara penyajian food tray dan makanan basi yg bikin org keracunan dan md,negatif,0,https://x.com/CarolineLukita/status/1976148273028063270,,,,,
1976128060551504073,1759980618,jing_haoo,"@Sanpinaa ompreng MBG lubangnya 5, ini sih 4, tapi ya emg sama sih sekilah hahah",ompreng mbg lubangnya ini sih tapi ya emg sama sih sekilah hahah,netral,1,https://x.com/jing_haoo/status/1976128060551504073,,,,,
1976059103228342481,1759964178,Kenawhysii,"@ridwanhr anak saya suka minta dibawain plastik buat bawa pulang mbg nya pak gub.
sampai rumah trus dikasih ke ayam🫣😁
jarang banget dia makan mbg nya karena pernah lauk yg di tray dia (yg kebetulan dikasihin ke temannya) ada ulatnya🫣",anak saya suka minta dibawain plastik buat bawa pulang mbg nya pak gub sampai rumah trus dikasih ke ayam jarang banget dia makan mbg nya karena pernah lauk yg di tray dia yg kebetulan dikasihin ke temannya ada ulatnya,netral,0,https://x.com/Kenawhysii/status/1976059103228342481,,,,,
1975953670614450488,1759939041,ydwsgf,"Masih gahabis pikir kok org org bisa ngira mbg disabotase, ada yg ngasih racun, kepentingan politik dll??! I mean, wake up. Dari 1 dapur bisa aja cuma sebagian yg keracunan ya karena waktu distribusinya emg ngga bareng?? Terus jg ompreng yg bisa beda kebersihannya??",masih gahabis pikir kok org org bisa ngira mbg disabotase ada yg ngasih racun kepentingan politik dll i mean wake up dari dapur bisa aja cuma sebagian yg keracunan ya karena waktu distribusinya emg ngga bareng terus jg ompreng yg bisa beda kebersihannya,positif,0,https://x.com/ydwsgf/status/1975953670614450488,,,,,
1975940856722137473,1759935986,grok,"Benar, food tray MBG awalnya impor dari China (dikonfirmasi BPJPH pas cek halal di sana, bebas kandungan babi). Tapi pemerintah lagi dorong produksi lokal lewat penghapusan izin impor bahan baku, biar UMKM bisa bersaing (sumber: https://t.co/26jd4acFBI, Juli 2025). Kemandirian emang proses, ini langkah awal. Kamu punya contoh lain?",benar food tray mbg awalnya impor dari china dikonfirmasi bpjph pas cek halal di sana bebas kandungan babi tapi pemerintah lagi dorong produksi lokal lewat penghapusan izin impor bahan baku biar umkm bisa bersaing sumber juli kemandirian emang proses ini langkah awal kamu punya contoh lain,netral,0,https://x.com/grok/status/1975940856722137473,,,,,
1975876662349951091,1759920680,penjagaharapan,"Di balik program Makan Bergizi Gratis (MBG), ada kisah sederhana dari Danang Dubra Setyo (18) — pemuda asal Jayanti, Tangerang, yang kini bekerja di dapur MBG bagian cuci ompreng.

“Terima kasih Pak Prabowo atas program ini. Semoga makin banyak lowongan kerja untuk masyarakat,” https://t.co/mJXQdxz7ff",di balik program makan bergizi gratis mbg ada kisah sederhana dari danang dubra setyo pemuda asal jayanti tangerang yang kini bekerja di dapur mbg bagian cuci ompreng terima kasih pak prabowo atas program ini semoga makin banyak lowongan kerja untuk masyarakat,netral,0,https://x.com/penjagaharapan/status/1975876662349951091,,,,,
1975871126388801919,1759919361,dududidamn,@hahingang_ @jawafess cangkeme kudu disumpel ompreng mbg,cangkeme kudu disumpel ompreng mbg,netral,2,https://x.com/dududidamn/status/1975871126388801919,,,,,
1975868533541319105,1759918742,kipyiksamgong,@Homo_sapiens21 Wadah aluminium untuk MBG itu HALAL nggak @Saudi_Halal @HalalSummit @HalalNation_ @halalcorner,wadah aluminium untuk mbg itu halal nggak,netral,-1,https://x.com/kipyiksamgong/status/1975868533541319105,,,,,
1975868043470529017,1759918626,twistie_donut,"@FFOODFESS Bekal aku hari ini, ompreng MBG nya samaan kak ☺️
https://t.co/aBCAbpoiA6",bekal aku hari ini ompreng mbg nya samaan kak,netral,1,https://x.com/twistie_donut/status/1975868043470529017,,,,,
1975843513280655793,1759912777,calibrinis,males bgt tweet gw di jump in sama opini begini. yg katanya 'hampir' broke the rules dikasi 'reprimand' loh ya. kalo yg broke the rules dapet apa? ompreng mbg? 😁,males bgt tweet gw di jump in sama opini begini yg katanya hampir broke the rules dikasi reprimand loh ya kalo yg broke the rules dapet apa ompreng mbg,positif,1,https://x.com/calibrinis/status/1975843513280655793,,,,,
1971747355075793050,1758936177,Dog_ter_Tifu,"@sabuncuci_otak @Mdy_Asmara1701 Di lab sukabumi ditemukan bakteri dan jamur di MBG,di Lebak  ditemukan dapur MBG dgn tumpukan food tray yg kotor bercampur limbah, Sultan HB x mengatakan menu MBG cepat basi, km pernah membayangkan ga, menyiapkan mknan ribuan porsi  utk disantap jam 12 siang itu masaknya jam brp",di lab sukabumi ditemukan bakteri dan jamur di mbg di lebak ditemukan dapur mbg dgn tumpukan food tray yg kotor bercampur limbah sultan hb x mengatakan menu mbg cepat basi km pernah membayangkan ga menyiapkan mknan ribuan porsi utk disantap jam siang itu masaknya jam brp,negatif,0,https://x.com/Dog_ter_Tifu/status/1971747355075793050,,,,,
1970887943335383281,1758731277,emulgator23,"Semua orang yang telibat dalam kezaliman MBG mendapat dosanya masing-masing.
Mulai dari tray makanan berlapis lemak babi, makanan basi sampai memberikan racun (UPF) ke anak orang.",semua orang yang telibat dalam kezaliman mbg mendapat dosanya masing masing mulai dari tray makanan berlapis lemak babi makanan basi sampai memberikan racun upf ke anak orang,negatif,0,https://x.com/emulgator23/status/1970887943335383281,,,,,
1967042728770064423,1757814507,Bambang77197468,"@regar_op0sisi ‼️
Sudah saatnya negara harus mengevaluasi MBG. Manfaat dan Pelaksanaan. ""SEKOLAH GRATIS"" dari PAUD hingga SLTA garansi 100% tidak ada : ulet, keracunan, basi, tray yg hilang dan guru2 hrs ganti rugi..✌
○ itu uang rakyat lho. Bukan uang mbah2mu.",sudah saatnya negara harus mengevaluasi mbg manfaat dan pelaksanaan sekolah gratis dari paud hingga slta garansi tidak ada ulet keracunan basi tray yg hilang dan guru hrs ganti rugi itu uang rakyat lho bukan uang mbah mu,negatif,0,https://x.com/Bambang77197468/status/1967042728770064423,,,,,
1971452973575491668,1758865991,EpicRifqi,"Sebenarnya klu mau MBG ga basi, klu ngikutin negara2 maju, adalah dgn memasaknya dari pagi. Setidaknya makanan masih anget, diangin2in bentar, trus taroh ke ompreng dan ditutup. Bahkan di Cina sistemnya prasmanan.

Makanya gw meragukan kemaren yg studi MBG belajar apa aja😂",sebenarnya klu mau mbg ga basi klu ngikutin negara maju adalah dgn memasaknya dari pagi setidaknya makanan masih anget diangin in bentar trus taroh ke ompreng dan ditutup bahkan di cina sistemnya prasmanan makanya gw meragukan kemaren yg studi mbg belajar apa aja,negatif,0,https://x.com/EpicRifqi/status/1971452973575491668,,,,,
1967040623049114074,1757814005,Bambang77197468,"@PreciosaKanti ‼️🥸
Siapapun yg melaksanakan, negara sdh hrs mengevaluasi MBG. Pelaksanaan &amp; manfaat
MBG. 
● Jika MBG diganti ""sekolah gratis"" dari PAUD hingga SLTA garansi tak bakal ada ulet, keracunan, basi, tray hilang hrs diganti guru2..✌",siapapun yg melaksanakan negara sdh hrs mengevaluasi mbg pelaksanaan manfaat mbg jika mbg diganti sekolah gratis dari paud hingga slta garansi tak bakal ada ulet keracunan basi tray hilang hrs diganti guru,negatif,0,https://x.com/Bambang77197468/status/1967040623049114074,,,,,
1968177854279192967,1758085142,FrankyTts,"Bupati Lumajang melakukan sidak ke dapur Satuan Pemenuhan Pelayan Gizi atas keluhan orang tua siswa krn makanan basi, lauk bau amis, buah potong kecut, makanan belum matang &amp; menemukan dapur MBG belum memiliki mesin pengering untuk ompreng wadah makanan.
https://t.co/pOCd7L9V7N.",bupati lumajang melakukan sidak ke dapur satuan pemenuhan pelayan gizi atas keluhan orang tua siswa krn makanan basi lauk bau amis buah potong kecut makanan belum matang menemukan dapur mbg belum memiliki mesin pengering untuk ompreng wadah makanan,negatif,0,https://x.com/FrankyTts/status/1968177854279192967,,,,,
1971166100135215355,1758797595,Sigm4ritzz,"Mbg ni apaan bgt. Kemaren dapat yang pas tutup ompreng dibuka aja udah bau basi njir makanannya, pembunuhan berencana njir. Kata gwa stop dah. Gwa gabutuh MBG butuhnya buku pelajaran njing, harga buku mahal-mahal bgt tai.",mbg ni apaan bgt kemaren dapat yang pas tutup ompreng dibuka aja udah bau basi njir makanannya pembunuhan berencana njir kata gwa stop dah gwa gabutuh mbg butuhnya buku pelajaran njing harga buku mahal mahal bgt tai,negatif,0,https://x.com/Sigm4ritzz/status/1971166100135215355,,,,,
1971235217093591277,1758814074,SagitaP_,"@ceritasisikanan @gebethcalled @ARSIPAJA nyokap gw punya catering besar di jakarta, menurut beliau wadah MBG itu kan aluminum, kalo makanan panas langsung ditutup, pasti potensi basi lebih gede. mengingat sekali jalan bisa ratusan porsi, pasti mereka masak dari malem, baru disajiin besok paginya. udh rawan segala2nya",nyokap gw punya catering besar di jakarta menurut beliau wadah mbg itu kan aluminum kalo makanan panas langsung ditutup pasti potensi basi lebih gede mengingat sekali jalan bisa ratusan porsi pasti mereka masak dari malem baru disajiin besok paginya udh rawan segala nya,negatif,0,https://x.com/SagitaP_/status/1971235217093591277,,,,,
1970268980574331075,1758583705,ekosaputro2404,"@Fafaakk @ARSIPAJA Jenengan habis masak masih panas langsung ditutup kayak wadah MBG tidak mbak jualannya? Atau di diamkan dulu sampai dingin baru ditutup wadah, jualan anda berapa pcs sehari?",jenengan habis masak masih panas langsung ditutup kayak wadah mbg tidak mbak jualannya atau di diamkan dulu sampai dingin baru ditutup wadah jualan anda berapa pcs sehari,negatif,0,https://x.com/ekosaputro2404/status/1970268980574331075,,,,,
1970444646196346889,1758625587,Bambang77197468,"@bobby_risakotta 👽🥸
MBG diganti dengan ""Sekolah Gratis"" mulai PAUD hingga SLTA. Garansi 100% tak bakal ada ulat| basi| keracunan| guru tak lagi hrs ganti food tray yg hilang dll.
Kalaupun mau dikorupsi No Problem, yg penting sekolah gratis. TITIK https://t.co/0vaejFnSHY",mbg diganti dengan sekolah gratis mulai paud hingga slta garansi tak bakal ada ulat basi keracunan guru tak lagi hrs ganti food tray yg hilang dll kalaupun mau dikorupsi no problem yg penting sekolah gratis titik,negatif,0,https://x.com/Bambang77197468/status/1970444646196346889,,,,,
1984015896541852149,1761861225,ariefpray,"@kompascom Ya bener dingin, kalau panas lalu di masukkn oe tempat makan mbg yg tertutup, apa gak basi nanti?
Kalau basi, anak2 keracunan apa malah gak nambah masalah lagi?",ya bener dingin kalau panas lalu di masukkn oe tempat makan mbg yg tertutup apa gak basi nanti kalau basi anak keracunan apa malah gak nambah masalah lagi,negatif,0,https://x.com/ariefpray/status/1984015896541852149,,,,,
1973011166638256330,1759237493,YuliantoAja8,Khusus untuk menangani nasi. Orang Jawa sering menempatkan nasi panas di cething. Biar pendinginan nasi bisa secara alami sesuai suhu ruang. Bukan dikipas angin yg mungkin dinginnya hanya diluar. Kontruksi cething bisa dicontoh wadah utk nasi MBG,khusus untuk menangani nasi orang jawa sering menempatkan nasi panas di cething biar pendinginan nasi bisa secara alami sesuai suhu ruang bukan dikipas angin yg mungkin dinginnya hanya diluar kontruksi cething bisa dicontoh wadah utk nasi mbg,netral,0,https://x.com/YuliantoAja8/status/1973011166638256330,,,,,
1975051315765186797,1759723903,SuaraKota_,"Cegah Keracunan Makan Bergizi Gratis, Dua Siswi Cilacap Ciptakan ""Ompreng"" Pendeteksi Makanan Basi #mbg
https://t.co/WB3Z1YL1tP",cegah keracunan makan bergizi gratis dua siswi cilacap ciptakan ompreng pendeteksi makanan basi mbg,negatif,0,https://x.com/SuaraKota_/status/1975051315765186797,,,,,
1972246573750145333,1759055200,Evasour_A,"@djoniecash2 @txtdaritaxpayer Kotor beda sih ya sama basi

Komponen paling maut dari MBG ini yang basah-basah selanjutnya dibiarkan sedikit hangat di wadah tertutup
Kalo coba pahamin sedikit soal cara tumbuh mikroba, bakal paham juga kalo itu masalah besar
https://t.co/eA4ndmYuhK",kotor beda sih ya sama basi komponen paling maut dari mbg ini yang basah basah selanjutnya dibiarkan sedikit hangat di wadah tertutup kalo coba pahamin sedikit soal cara tumbuh mikroba bakal paham juga kalo itu masalah besar,negatif,0,https://x.com/Evasour_A/status/1972246573750145333,,,,,
1961058801886675103,1756387827,Ridwanffff,"Nooo!!! uang pajak gue!!!

Kalau di swedia:
- dapur terdesentralisasi di sekolah2 -&gt; mengurangi waktu dr produksi ke konsumsi
- prasmanan -&gt; mengurangi point of contacts jd ga cepet basi (tray, centong, tangan petugas, dsb)

MBG belajarnya sih ke swedia ya, cm ko gini plksnaannya",nooo uang pajak gue kalau di swedia dapur terdesentralisasi di sekolah gt mengurangi waktu dr produksi ke konsumsi prasmanan gt mengurangi point of contacts jd ga cepet basi tray centong tangan petugas dsb mbg belajarnya sih ke swedia ya cm ko gini plksnaannya,negatif,0,https://x.com/Ridwanffff/status/1961058801886675103,,,,,
1971079286338748687,1758776897,klmtr__,"Barusan diceritain guru lain kalau hari selasa (?) dapet mbg bakmie ada kuahnya dikit (udah terampur sama mie nya). Pas mau dimakan siswa, mie nya udah basi dan ga pada dimakan. 

Beliau bilang ke mas yang ngambil ompreng kalau mie nya udah basi tapi ga di gagas 🙂",barusan diceritain guru lain kalau hari selasa dapet mbg bakmie ada kuahnya dikit udah terampur sama mie nya pas mau dimakan siswa mie nya udah basi dan ga pada dimakan beliau bilang ke mas yang ngambil ompreng kalau mie nya udah basi tapi ga di gagas,negatif,0,https://x.com/klmtr__/status/1971079286338748687,,,,,
1971376691433071031,1758847804,Ridho_tambunan2,"@IndoPopBase Gimana gak keracunan MBG,
Di sini banyak kantor cabang saya lihat jam 12 malam udah pada sibuk buat packing, jam 12 malam loh, sedangkan di bagikan jam 12 siang,
12 jam makanan panas langsung di tutup di wadah stainless apagak basi??",gimana gak keracunan mbg di sini banyak kantor cabang saya lihat jam malam udah pada sibuk buat packing jam malam loh sedangkan di bagikan jam siang jam makanan panas langsung di tutup di wadah stainless apagak basi,negatif,0,https://x.com/Ridho_tambunan2/status/1971376691433071031,,,,,
1967180772642898076,1757847419,Bambang77197468,"@WagimanDeep212_ ‼️🥸
MBG diganti dengan ""Sekolah Gratis"" Garansi 100% tidak berulat| tdk keracunan| tidak basi| tidak ada Guru yg harus ganti rugi jk Food Tray hilang| tak ada sorong kiri sorong kanan tralala trilili..
● mulai PAUD hingga SLTA gratis. Total free",mbg diganti dengan sekolah gratis garansi tidak berulat tdk keracunan tidak basi tidak ada guru yg harus ganti rugi jk food tray hilang tak ada sorong kiri sorong kanan tralala trilili mulai paud hingga slta gratis total free,negatif,0,https://x.com/Bambang77197468/status/1967180772642898076,,,,,
1968917746147598707,1758261546,tirtaa42,"@ardisatriawan Tadi sempet lihat postinga  kepala dapur mbg nggak tahu daerah mana. Katanya keracunan atau makanan basi itu dari ompreng yang nggak bersih. Emang udah di cuci dan di lap. Tapi lapnya nggak bersih, lapnya apek. Jadi bisa membuat makanan terkontaminasi bikin cepat basi/bakteri",tadi sempet lihat postinga kepala dapur mbg nggak tahu daerah mana katanya keracunan atau makanan basi itu dari ompreng yang nggak bersih emang udah di cuci dan di lap tapi lapnya nggak bersih lapnya apek jadi bisa membuat makanan terkontaminasi bikin cepat basi bakteri,negatif,0,https://x.com/tirtaa42/status/1968917746147598707,,,,,
1970196288785526904,1758566374,kangenkamuboleh,"kenapa MBG  bisa beracun? karena makanan udah basi. kenapa bisa basi? ada beberapa kemungkinan. 
1. salah di pencucian ompreng yg gk bersih. pernah ga ngalamin nyuci tepak makan tp masih bau sayur yang sebelumnya? nah itu bisa nyebabin cepet basi makanan barunya.",kenapa mbg bisa beracun karena makanan udah basi kenapa bisa basi ada beberapa kemungkinan salah di pencucian ompreng yg gk bersih pernah ga ngalamin nyuci tepak makan tp masih bau sayur yang sebelumnya nah itu bisa nyebabin cepet basi makanan barunya,netral,0,https://x.com/kangenkamuboleh/status/1970196288785526904,,,,,
1975382862221484477,1759802949,jjongwinterus,"Maaf, guru di sini gaji kecil, daripada beli ompreng dan ganti makanan buat sabotase MBG, mendingan buat kepulin dapur sendiri. Dapur di rumah aja kadang masih dingin, apalagi kepikiran beli barang mahal kek gitu. 

ALIAS, BJIRRR, DAH GAJI DIKIT, FITNAHNYA GAK NGOTAK!",maaf guru di sini gaji kecil daripada beli ompreng dan ganti makanan buat sabotase mbg mendingan buat kepulin dapur sendiri dapur di rumah aja kadang masih dingin apalagi kepikiran beli barang mahal kek gitu alias bjirrr dah gaji dikit fitnahnya gak ngotak,negatif,0,https://x.com/jjongwinterus/status/1975382862221484477,,,,,
1974869787663880659,1759680623,WeKa_Ronin,"Orang ini bermasalah SERIUS karena dia ga paham pekerjaan, sehingga membisiki presiden dengan informasi yang salah dan membuat anggaran MBG jadi BENGKAK

asalahnya bukan di sterilisasi tapi di KAPASITAS Produksi 1 dapur 4000 porsi, itu jika dengan 10 kompor selesai dalam waktu 40 jam dan itu membuat makan BASI, belum lagi distribusi makanan mateng ke sekolah2 karena makanan matemg terlalu lama pd suhu ruang itulah yng MEMBIAKAN BAKTERI bos

Nih gue jelasin lagi dech, dasar BEGO

Pernyataan pejabat tersebut menunjukkan kegagalan memahami akar masalah sistemik dalam program MBG (Makan Bergizi Gratis). Mari kita bedah...

📉 1. Salah Diagnosis Masalah

Masalah utama bukan pada higienitas air atau alat makan, melainkan pada kapasitas produksi dan rantai waktu distribusi makanan matang.

Produksi 4.000 porsi per dapur dengan 10 kompor berarti rata-rata 400 porsi per kompor.

Dengan waktu masak 1 jam per batch, proses penuh butuh ±40 jam—tidak realistis dalam siklus harian makan siang.

Akibatnya, makanan disimpan terlalu lama pada suhu ruang, di mana zona bahaya bakteri (danger zone) adalah 5°C–60°C. Dalam 2–4 jam, bakteri seperti Bacillus cereus atau Salmonella bisa berkembang biak eksponensial.

Mengganti air biasa dengan air galon tidak menyelesaikan problem ini—bahkan hanya MENAMBAH BIAYA logistik dan operasional tanpa menekan risiko mikrobiologis utama.

🔬 2. Fokus Sterilisasi Salah Arah

Sterilisasi alat makan dengan suhu 120°C adalah STANDARD INDUSTRI UNTUK RUMAH SAKIT atau LABORATORIUM, bukan DAPUR massal sekolah.

Risiko terbesar BUKAN pada alat makan, melainkan kontaminasi silang dari bahan mentah, waktu pendinginan, dan pengemasan makanan panas ke wadah tertutup.

Sistem sterilisasi seharusnya diterapkan pada siklus produksi (proses dan waktu), bukan hanya pada alat.

⚙️ 3. Solusi Teknis yang Tepat

Pendekatan yang benar untuk menjamin higienitas dan efisiensi justru harus mencakup:

a. Desain Dapur Distribusi (Decentralized Kitchen)

🔹️Maksimal 500–800 porsi per dapur.
🔹️Dekat dengan titik konsumsi (radius 1–2 km).

Mengurangi waktu distribusi dan menjaga makanan tetap hangat (≤2 jam dari waktu masak ke konsumsi).

b. Standar Proses Produksi

Gunakan Cook-Chill System atau Retort Food Technology untuk kebutuhan massal jika tetap terpusat.

Implementasi Food Safety Plan berbasis HACCP (Hazard Analysis Critical Control Point).

Suhu penyimpanan <5°C dan pemanasan ulang >75°C sebelum disajikan.

c. Efisiensi Air

Penggunaan air galon hanya relevan untuk air minum langsung, bukan untuk memasak dalam volume besar.

Solusi rasional: filtration + chlorination system di tiap dapur (biaya jauh lebih murah per liter dibanding air galon).

💸 4. Dampak Fiskal

Instruksi seperti “gunakan air galon” dan “sterilisasi alat makan dengan pemanas gas” akan:

Meningkatkan biaya per porsi secara signifikan (±Rp1.000–1.500 tambahan) tanpa peningkatan signifikan pada keamanan pangan.

MENGACAUKAN efisiensi anggaran, karena dana habis di input yang salah sasaran.

🧭 Kesimpulan Strategis

Masalah program MBG bukan higienitas kosmetik, melainkan desain sistemik distribusi dan kapasitas operasional yang cacat metodologi.

Setiap rupiah yang dikeluarkan untuk air galon dan sterilisasi alat makan hanya akan menjadi pemborosan anggaran yang tidak berdampak pada keselamatan konsumsi.

:: WeKa ::

@PurbayaYudhi",orang ini bermasalah serius karena dia ga paham pekerjaan sehingga membisiki presiden dengan informasi yang salah dan membuat anggaran mbg jadi bengkak asalahnya bukan di sterilisasi tapi di kapasitas produksi dapur porsi itu jika dengan kompor selesai dalam waktu jam dan itu membuat makan basi belum lagi distribusi makanan mateng ke sekolah karena makanan matemg terlalu lama pd suhu ruang itulah yng membiakan bakteri bos nih gue jelasin lagi dech dasar bego pernyataan pejabat tersebut menunjukkan kegagalan memahami akar masalah sistemik dalam program mbg makan bergizi gratis mari kita bedah salah diagnosis masalah masalah utama bukan pada higienitas air atau alat makan melainkan pada kapasitas produksi dan rantai waktu distribusi makanan matang produksi porsi per dapur dengan kompor berarti rata rata porsi per kompor dengan waktu masak jam per batch proses penuh butuh jam tidak realistis dalam siklus harian makan siang akibatnya makanan disimpan terlalu lama pada suhu ruang di mana zona bahaya bakteri danger zone adalah c c dalam jam bakteri seperti bacillus cereus atau salmonella bisa berkembang biak eksponensial mengganti air biasa dengan air galon tidak menyelesaikan problem ini bahkan hanya menambah biaya logistik dan operasional tanpa menekan risiko mikrobiologis utama fokus sterilisasi salah arah sterilisasi alat makan dengan suhu c adalah standard industri untuk rumah sakit atau laboratorium bukan dapur massal sekolah risiko terbesar bukan pada alat makan melainkan kontaminasi silang dari bahan mentah waktu pendinginan dan pengemasan makanan panas ke wadah tertutup sistem sterilisasi seharusnya diterapkan pada siklus produksi proses dan waktu bukan hanya pada alat solusi teknis yang tepat pendekatan yang benar untuk menjamin higienitas dan efisiensi justru harus mencakup a desain dapur distribusi decentralized kitchen maksimal porsi per dapur dekat dengan titik konsumsi radius km mengurangi waktu distribusi dan menjaga makanan tetap hangat jam dari waktu masak ke konsumsi b standar proses produksi gunakan cook chill system atau retort food technology untuk kebutuhan massal jika tetap terpusat implementasi food safety plan berbasis haccp hazard analysis critical control point suhu penyimpanan c dan pemanasan ulang c sebelum disajikan c efisiensi air penggunaan air galon hanya relevan untuk air minum langsung bukan untuk memasak dalam volume besar solusi rasional filtration chlorination system di tiap dapur biaya jauh lebih murah per liter dibanding air galon dampak fiskal instruksi seperti gunakan air galon dan sterilisasi alat makan dengan pemanas gas akan meningkatkan biaya per porsi secara signifikan rp tambahan tanpa peningkatan signifikan pada keamanan pangan mengacaukan efisiensi anggaran karena dana habis di input yang salah sasaran kesimpulan strategis masalah program mbg bukan higienitas kosmetik melainkan desain sistemik distribusi dan kapasitas operasional yang cacat metodologi setiap rupiah yang dikeluarkan untuk air galon dan sterilisasi alat makan hanya akan menjadi pemborosan anggaran yang tidak berdampak pada keselamatan konsumsi weka,negatif,0,https://x.com/WeKa_Ronin/status/1974869787663880659,,,,,
1974829428048797826,1759671000,Metro_TV,"Presiden Prabowo memperketat standarisasi kebersihan dan keamanan dalam pelaksanaan Program Makan Bergizi Gratis (MBG). Langkah tegas ini diambil untuk mengantisipasi dan mencegah kasus keracunan yang menimpa penerima manfaat program di berbagai daerah agar tidak terulang. Presiden menegaskan bahwa semua Satuan Pelayanan Pemenuhan Gizi (SPPG) harus dilengkapi dengan alat cuci kontainer makanan (ompreng) yang memadai, menggunakan ultraviolet, gas, atau air yang sangat panas. Selain itu, Presiden juga mewajibkan adanya filter air dan tes kit atau pengujian sebelum makanan dikirim kepada penerima manfaat.

#PresidenPrabowo #PrabowoSubianto #MBG #ProgramMBG #MetroTV",presiden prabowo memperketat standarisasi kebersihan dan keamanan dalam pelaksanaan program makan bergizi gratis mbg langkah tegas ini diambil untuk mengantisipasi dan mencegah kasus keracunan yang menimpa penerima manfaat program di berbagai daerah agar tidak terulang presiden menegaskan bahwa semua satuan pelayanan pemenuhan gizi sppg harus dilengkapi dengan alat cuci kontainer makanan ompreng yang memadai menggunakan ultraviolet gas atau air yang sangat panas selain itu presiden juga mewajibkan adanya filter air dan tes kit atau pengujian sebelum makanan dikirim kepada penerima manfaat presidenprabowo prabowosubianto mbg programmbg metrotv,positif,0,https://x.com/Metro_TV/status/1974829428048797826,,,,,
1974403664195571944,1759569490,Indonesiaguyub,"@DivHumas_Polri Satu lagi yang sangat penting di evaluasi. Tray tempat makan MBG itu harusnya ada ventilasi udara nya. Sehingga nasi dimasak jam 2 pagi, disajikan jam 12 siang, tidak basi dan berair (berlendir). Mau sanitasi bagaimanapun, kalau tray nya model spt itu, potensi basi tetap besar.",satu lagi yang sangat penting di evaluasi tray tempat makan mbg itu harusnya ada ventilasi udara nya sehingga nasi dimasak jam pagi disajikan jam siang tidak basi dan berair berlendir mau sanitasi bagaimanapun kalau tray nya model spt itu potensi basi tetap besar,negatif,0,https://x.com/Indonesiaguyub/status/1974403664195571944,,,,,
1972870612755599503,1759203982,IrawanRommi,"Penerima MBG di sekolah tdk ada yang mengawasi dari pihak BGN

SPPG terjaga kebersihannya, debu dilantai tdk boleh ada
Dapur, tempat saji, harus streril dari sendal/sepatu

Sekolah? 
Lantai di injak sepatu?
Tumpukan di luar ruangan?
Terpapar sinar matahari?
Ompreng pasti panas",penerima mbg di sekolah tdk ada yang mengawasi dari pihak bgn sppg terjaga kebersihannya debu dilantai tdk boleh ada dapur tempat saji harus streril dari sendal sepatu sekolah lantai di injak sepatu tumpukan di luar ruangan terpapar sinar matahari ompreng pasti panas,positif,0,https://x.com/IrawanRommi/status/1972870612755599503,,,,,
1972829928040415455,1759194282,garudatvnews,"Presiden RI Prabowo Subianto memastikan program Makan Bergizi Gratis (MBG) akan terus berjalan. Menurut dia, MBG yang dimulai sejak awal 2025 ini telah berjalan cukup sukses meski masih ada kekurangan.

“Anak-anak kita harus cukup makan, maka Makan Bergizi Gratis berjalan terus. Alhamdulillah hari ini sudah hampir mencapai 30 juta penerima manfaat,” kata Prabowo di Cileungsi, Bogor, Jawa Barat, Senin (29/9/2025).

Presiden mengamini masih ada kekurangan dalam pelaksanaan program MBG, salah satunya terkait insiden keracunan makanan yang dialami sejumlah siswa di beberapa daerah. Karena itu, Prabowo berjanji pemerintah akan membenahi proses memasak hingga distribusi MBG agar diterima dengan baik oleh para penerima manfaat.

“Kita kerja keras sekarang. Semua dapur nanti harus dilengkapi alat-alat cuci ompreng yang benar-benar kuat dengan ultra violet atau dengan gas, atau dengan air yang sangat panas. Kemudian juga filter untuk air harus ada, kemudian test kit sebelum dikirim makanan harus ada. Ini segera kita benahi, semua dapur harus ada tukang masak terlatih,” ujarnya.

Naskah: Mohammad Kholis
Editor | Admin: Gigih | Farraa 

Saksikan Garuda TV di Free to Air atau Streaming melalui:

https://t.co/8OYe9W7AgR | YouTube Garuda TV | Aplikasi Vidio | WeTV (Wewatch) | IndiHome CH111 | Transvision CH824 | FirstMedia CH45

#garudatv #laporan8 #Viral #MBG #MakanBergiziGratis #PresidenPrabowo #KeracunanMBG #PrabowoSubianto #DapurMBG",presiden ri prabowo subianto memastikan program makan bergizi gratis mbg akan terus berjalan menurut dia mbg yang dimulai sejak awal ini telah berjalan cukup sukses meski masih ada kekurangan anak anak kita harus cukup makan maka makan bergizi gratis berjalan terus alhamdulillah hari ini sudah hampir mencapai juta penerima manfaat kata prabowo di cileungsi bogor jawa barat senin presiden mengamini masih ada kekurangan dalam pelaksanaan program mbg salah satunya terkait insiden keracunan makanan yang dialami sejumlah siswa di beberapa daerah karena itu prabowo berjanji pemerintah akan membenahi proses memasak hingga distribusi mbg agar diterima dengan baik oleh para penerima manfaat kita kerja keras sekarang semua dapur nanti harus dilengkapi alat alat cuci ompreng yang benar benar kuat dengan ultra violet atau dengan gas atau dengan air yang sangat panas kemudian juga filter untuk air harus ada kemudian test kit sebelum dikirim makanan harus ada ini segera kita benahi semua dapur harus ada tukang masak terlatih ujarnya naskah mohammad kholis editor admin gigih farraa saksikan garuda tv di free to air atau streaming melalui youtube garuda tv aplikasi vidio wetv wewatch indihome ch transvision ch firstmedia ch garudatv laporan viral mbg makanbergizigratis presidenprabowo keracunanmbg prabowosubianto dapurmbg,positif,0,https://x.com/garudatvnews/status/1972829928040415455,,,,,
1972749557084914014,1759175120,RadioElshinta,"Prabowo Pastikan MBG Jalan Terus, Semua Dapur Dilengkapi Sterilisasi & Test Kit Sebelum Makan Dikirim

Bogor - Presiden RI Prabowo Subianto memastikan program Makan Bergizi Gratis (MBG) akan terus berjalan. Menurut dia, MBG yang dimulai sejak awal 2025 ini telah berjalan cukup sukses meski masih ada kekurangan.

""Anak-anak kita harus cukup makan, maka Makan Bergizi Gratis berjalan terus. Alhamdulillah hari ini sudah hampir mencapai 30 juta penerima manfaat,"" kata Prabowo di Cileungsi, Bogor, Jawa Barat, Senin (29/9).

Presiden mengamini masih ada kekurangan dalam pelaksanaan program MBG, salah satunya terkait insiden keracunan makanan yang dialami sejumlah siswa di beberapa daerah. Karena itu, Prabowo berjanji pemerintah akan membenahi proses memasak hingga distribusi MBG agar diterima dengan baik oleh para penerima manfaat.

""Kita kerja keras sekarang. Semua dapur nanti harus dilengkapi alat-alat cuci ompreng yang benar-benar kuat dengan ultra violet atau dengan gas, atau dengan air yang sangat panas. Kemudian juga filter untuk air harus ada, kemudian test kit sebelum dikirim makanan harus ada. Ini segera kita benahi, semua dapur harus ada tukang masak terlatih,"" ujarnya.

Ia pun menyampaikan terima kasih kepada pihak-pihak yang telah bekerja keras dalam pelaksanaan MBG.

""Dari segi statistik dibandingkan dengan yang sudah kita hasilkan ternyata (ada) penyimpangan, kekurangan. bukan penyimpangan sengaja, tapi katakanlah deviasi itu adalah ternyata 0,000017%,"" ucap Presiden.

Sebelumnya, Prabowo juga menekankan keselamatan anak merupakan prioritas utama dalam pelaksanaan MBG. Hal ini disampaikan Menteri Koordinator Bidang Pangan Zulkifli Hasan (Zulhas) usai rapat koordinasi di Kementerian Kesehatan, Minggu (28/9).

“Kemarin, Bapak Presiden setibanya di Tanah Air langsung memimpin beberapa menteri di Halim untuk mengadakan rapat. Salah satu yang dibahas adalah mengenai Makan Bergizi Gratis. Setelah dari Halim, semalam masih melanjutkan pembahasan soal Makan Bergizi Gratis. Dan siang ini, atas instruksi dari Bapak Presiden, kami melakukan rapat koordinasi dengan kementerian dan lembaga yang tadi saya sampaikan kepada saudara-saudara,” kata Zulhas.

Menurutnya, perhatian Prabowo terhadap insiden yang terjadi di sejumlah Satuan Pelayanan Pemenuhan Gizi (SPPG) sangat serius. “Jadi, betapa serius perhatian Bapak Presiden terhadap masalah ini. Saya sampaikan, atas petunjuk dan arahan Bapak Presiden bahwa bagi pemerintah, keselamatan anak adalah prioritas utama. Kami menegaskan, insiden bukan sekadar angka, tetapi menyangkut keselamatan generasi penerus,” tegas Zulhas.

Langkah yang ditempuh meliputi penutupan sementara SPPG bermasalah, evaluasi kedisiplinan di SPPG khususnya juru masak, serta sterilisasi peralatan dan perbaikan sanitasi, kualitas air, dan alur limbah. 

“Kemudian diperintahkan semua kementerian, lembaga, pemda, pemangku kepentingan program MBG ikut dan aktif dalam proses perbaikannya. Kementerian, daerah, lembaga terkait juga harus bersama-sama aktif. Tidak menunggu, tapi aktif melakukan pengawasan,” tegasnya.
@prabowo #Prabowo #MBGJalanTerus #MakanBergiziGratis #SterilisasiDapur #TestKitMakanan #PrioritasKeselamatanAnak #30JutaPenerimaManfaat #PrabowoUntukAnakBangsa #GenerasiSehatIndonesia",prabowo pastikan mbg jalan terus semua dapur dilengkapi sterilisasi test kit sebelum makan dikirim bogor presiden ri prabowo subianto memastikan program makan bergizi gratis mbg akan terus berjalan menurut dia mbg yang dimulai sejak awal ini telah berjalan cukup sukses meski masih ada kekurangan anak anak kita harus cukup makan maka makan bergizi gratis berjalan terus alhamdulillah hari ini sudah hampir mencapai juta penerima manfaat kata prabowo di cileungsi bogor jawa barat senin presiden mengamini masih ada kekurangan dalam pelaksanaan program mbg salah satunya terkait insiden keracunan makanan yang dialami sejumlah siswa di beberapa daerah karena itu prabowo berjanji pemerintah akan membenahi proses memasak hingga distribusi mbg agar diterima dengan baik oleh para penerima manfaat kita kerja keras sekarang semua dapur nanti harus dilengkapi alat alat cuci ompreng yang benar benar kuat dengan ultra violet atau dengan gas atau dengan air yang sangat panas kemudian juga filter untuk air harus ada kemudian test kit sebelum dikirim makanan harus ada ini segera kita benahi semua dapur harus ada tukang masak terlatih ujarnya ia pun menyampaikan terima kasih kepada pihak pihak yang telah bekerja keras dalam pelaksanaan mbg dari segi statistik dibandingkan dengan yang sudah kita hasilkan ternyata ada penyimpangan kekurangan bukan penyimpangan sengaja tapi katakanlah deviasi itu adalah ternyata ucap presiden sebelumnya prabowo juga menekankan keselamatan anak merupakan prioritas utama dalam pelaksanaan mbg hal ini disampaikan menteri koordinator bidang pangan zulkifli hasan zulhas usai rapat koordinasi di kementerian kesehatan minggu kemarin bapak presiden setibanya di tanah air langsung memimpin beberapa menteri di halim untuk mengadakan rapat salah satu yang dibahas adalah mengenai makan bergizi gratis setelah dari halim semalam masih melanjutkan pembahasan soal makan bergizi gratis dan siang ini atas instruksi dari bapak presiden kami melakukan rapat koordinasi dengan kementerian dan lembaga yang tadi saya sampaikan kepada saudara saudara kata zulhas menurutnya perhatian prabowo terhadap insiden yang terjadi di sejumlah satuan pelayanan pemenuhan gizi sppg sangat serius jadi betapa serius perhatian bapak presiden terhadap masalah ini saya sampaikan atas petunjuk dan arahan bapak presiden bahwa bagi pemerintah keselamatan anak adalah prioritas utama kami menegaskan insiden bukan sekadar angka tetapi menyangkut keselamatan generasi penerus tegas zulhas langkah yang ditempuh meliputi penutupan sementara sppg bermasalah evaluasi kedisiplinan di sppg khususnya juru masak serta sterilisasi peralatan dan perbaikan sanitasi kualitas air dan alur limbah kemudian diperintahkan semua kementerian lembaga pemda pemangku kepentingan program mbg ikut dan aktif dalam proses perbaikannya kementerian daerah lembaga terkait juga harus bersama sama aktif tidak menunggu tapi aktif melakukan pengawasan tegasnya prabowo mbgjalanterus makanbergizigratis sterilisasidapur testkitmakanan prioritaskeselamatananak jutapenerimamanfaat prabowountukanakbangsa generasisehatindonesia,positif,0,https://x.com/RadioElshinta/status/1972749557084914014,,,,,
1972532009739415562,1759123253,grok,"Standar gizi MBG berdasarkan AKG (Permenkes 28/2019): misal 300-831 kcal energi, 6-26g protein per porsi tergantung usia. Tolak ukur: penuhi kebutuhan harian (20-35% AKG).

Alat test: Pemeriksaan fisik (warna, rasa, aroma); sampel disimpan untuk monitoring. Belum ada alat spesifik disebutkan.

Yang ngetest: Nutrisionis, supervisor SPPG, Dinas Kesehatan, Puskesmas.

Standar kebersihan: WHO Five Keys (bersih, pisah bahan, masak benar, suhu aman, air bersih).

SOP pemilihan bahan: Prioritas lokal, segar (daging merah segar, ikan mata jernih), hindari alergen, verifikasi kualitas.

Alat masak/makan: Stainless steel (tipe 304/316, tebal 0.4-0.6mm), tray 5 kompartemen.

Cara masak: Aman, distribusi <4-6 jam, cek sebelum kirim.

Sumber: BGN, Kemenkes, AIPVOGI, Ralali.",standar gizi mbg berdasarkan akg permenkes misal kcal energi g protein per porsi tergantung usia tolak ukur penuhi kebutuhan harian akg alat test pemeriksaan fisik warna rasa aroma sampel disimpan untuk monitoring belum ada alat spesifik disebutkan yang ngetest nutrisionis supervisor sppg dinas kesehatan puskesmas standar kebersihan who five keys bersih pisah bahan masak benar suhu aman air bersih sop pemilihan bahan prioritas lokal segar daging merah segar ikan mata jernih hindari alergen verifikasi kualitas alat masak makan stainless steel tipe tebal mm tray kompartemen cara masak aman distribusi jam cek sebelum kirim sumber bgn kemenkes aipvogi ralali,positif,0,https://x.com/grok/status/1972532009739415562,,,,,
1971744023028392271,1758935382,welek92,"@zakiberkata Kalau keadaan makanan itu masi hangat dia akan ngeluarin uap
Sedangkan wadah MBG yaitu stainlis yg mana jg bs menyimpan panas, d sajikan campur mulai nasi sm lauknya, trs di tutup rapat siangnya mulai di makan oleh siswa
Uap itu ga bs kluar dn bs menimbulkan kontaminasi bakteri",kalau keadaan makanan itu masi hangat dia akan ngeluarin uap sedangkan wadah mbg yaitu stainlis yg mana jg bs menyimpan panas d sajikan campur mulai nasi sm lauknya trs di tutup rapat siangnya mulai di makan oleh siswa uap itu ga bs kluar dn bs menimbulkan kontaminasi bakteri,negatif,0,https://x.com/welek92/status/1971744023028392271,,,,,
1971364102804210132,1758844802,Akujodoh_kamu,"@permendagree @sdenta 1. Dapur hajatan makanan fresh masak disitu makan disitu
2. Mungkin mbg masih panas langsung di packing
3. Mungkin karna pake wadah berulang waktu cuci ada bagian yang kelewatan jadi masih kotor
4. Mungkin yang kerja di mbg bukan orang profesional yang biasa masak banyak beda",dapur hajatan makanan fresh masak disitu makan disitu mungkin mbg masih panas langsung di packing mungkin karna pake wadah berulang waktu cuci ada bagian yang kelewatan jadi masih kotor mungkin yang kerja di mbg bukan orang profesional yang biasa masak banyak beda,negatif,0,https://x.com/Akujodoh_kamu/status/1971364102804210132,,,,,
1971155336028619104,1758795029,drputriadimukti,"Postingan ini melengkapi kembali tulisan yang pernah saya buat pada Kanal X di Bulan Januari 2025. Waktu itu saya melihat beberapa titik yang mungkin dapat menjadi kritis pada pelaksanaan MBG dan tampaknya beberapa titik kritis itu sepertinya menjadi perhatian bagi kita semua hari ini. 

Saya melihat MBG ini sebenarnya program yang bagus (jika tidak mau disebut populis), namun itu hanya terjadi jika program ini berhasil. Ini adalah tentang sebuah metode ""Memasak"" yang mungkin jika memasak itu untuk diri sendiri atau keluarga, dapat dibuat dengan mudah dan simple. Tetapi, ketika ""Memasak""  diperuntukkan untuk skala besar, maka memasak menjadi suatu tata kelola penyelenggaraan makanan yang tidaklah lagi mudah atau simple, tetapi menjadi sebuah sistem yang  kompleks, terintegrasi, dan tidak bisa dijalankan dengan pola pikir dapur rumah tangga biasa. Ini adalah sebuah sistem yang menuntut standar, pengawasan mutu, manajemen risiko, serta koordinasi yang ketat agar aman dan berhasil.

Dari segi produksi makanannya, apa yang harus disiapkan pada pra-produksi, misalnya pemilihan menu, tidak semua resep rumah tangga bisa di-scale up, stabil, tahan simpan, dan konsisten hingga saat penyajian. Lalu, saat produksi yang tentunya ini adalah yang paling rumit, bagaimana teknik pengolahan massal bahan baku dan bumbu sehingga masakan tetap berkualitas tanpa mengorbankan rasa, palatabilitas, dan nilai gizi. Masih banyak lagi dari aspek produksi: kontrol suhu saat memasak, bagaimana penggunaan peralatan memasak, apakah bisa dengan perkakas masak rumahan atau menggunakan perkakas skala industri untuk menjamin mutu, kualitas, dan keamanan pangan. Kemudian sampailah pada proses pasca-produksi, saya membayangkan sebuah dapur sentral yang beroperasi untuk setiap jarak tempuh kurang dari 1 jam perjalanan dari selesai makanan diproduksi hingga makanan disantap, wadah yang higienis, berikut dengan truk pengangkut makanan yang mungkin harus spesifik. Ooh...la...la...

Dalam pikiran saya, ini bukan lagi tentang masak-memasak, ini adalah sebuah tanggung jawab besar yang melibatkan beragam disiplin ilmu yang dijalankan dengan profesional serta penerapan Good Manufacturing Practices. 

Jika semua ini dijalankan dengan baik, MBG dapat terwujud dan berkelanjutan serta menjadi sumber harapan untuk Generasi Emas Indonesia.",postingan ini melengkapi kembali tulisan yang pernah saya buat pada kanal x di bulan januari waktu itu saya melihat beberapa titik yang mungkin dapat menjadi kritis pada pelaksanaan mbg dan tampaknya beberapa titik kritis itu sepertinya menjadi perhatian bagi kita semua hari ini saya melihat mbg ini sebenarnya program yang bagus jika tidak mau disebut populis namun itu hanya terjadi jika program ini berhasil ini adalah tentang sebuah metode memasak yang mungkin jika memasak itu untuk diri sendiri atau keluarga dapat dibuat dengan mudah dan simple tetapi ketika memasak diperuntukkan untuk skala besar maka memasak menjadi suatu tata kelola penyelenggaraan makanan yang tidaklah lagi mudah atau simple tetapi menjadi sebuah sistem yang kompleks terintegrasi dan tidak bisa dijalankan dengan pola pikir dapur rumah tangga biasa ini adalah sebuah sistem yang menuntut standar pengawasan mutu manajemen risiko serta koordinasi yang ketat agar aman dan berhasil dari segi produksi makanannya apa yang harus disiapkan pada pra produksi misalnya pemilihan menu tidak semua resep rumah tangga bisa di scale up stabil tahan simpan dan konsisten hingga saat penyajian lalu saat produksi yang tentunya ini adalah yang paling rumit bagaimana teknik pengolahan massal bahan baku dan bumbu sehingga masakan tetap berkualitas tanpa mengorbankan rasa palatabilitas dan nilai gizi masih banyak lagi dari aspek produksi kontrol suhu saat memasak bagaimana penggunaan peralatan memasak apakah bisa dengan perkakas masak rumahan atau menggunakan perkakas skala industri untuk menjamin mutu kualitas dan keamanan pangan kemudian sampailah pada proses pasca produksi saya membayangkan sebuah dapur sentral yang beroperasi untuk setiap jarak tempuh kurang dari jam perjalanan dari selesai makanan diproduksi hingga makanan disantap wadah yang higienis berikut dengan truk pengangkut makanan yang mungkin harus spesifik ooh la la dalam pikiran saya ini bukan lagi tentang masak memasak ini adalah sebuah tanggung jawab besar yang melibatkan beragam disiplin ilmu yang dijalankan dengan profesional serta penerapan good manufacturing practices jika semua ini dijalankan dengan baik mbg dapat terwujud dan berkelanjutan serta menjadi sumber harapan untuk generasi emas indonesia,positif,0,https://x.com/drputriadimukti/status/1971155336028619104,,,,,
1971013897546235952,1758761307,dkdbtw,Muak banget sama berita mbg gak berkualitas yg lalul lalang tanpa henti. Padahal program ini punya potensi untuk menumbuhkan ekonomi rakyat. Mulai dari pesen tray di produsen lokal sampe produksi makanan dengan mengerahkan warga sekitar sekolah biar gak basi. Sayangnya mereka-,muak banget sama berita mbg gak berkualitas yg lalul lalang tanpa henti padahal program ini punya potensi untuk menumbuhkan ekonomi rakyat mulai dari pesen tray di produsen lokal sampe produksi makanan dengan mengerahkan warga sekitar sekolah biar gak basi sayangnya mereka,negatif,0,https://x.com/dkdbtw/status/1971013897546235952,,,,,
1971002187611517107,1758758515,myshabrina1,"@sgwkshin Di FB banyak yg share menu MBG, spageti dan burger dimasukkan dlm karbo, di tray akan dilengkapi dg menu protein, sayur, dan susu. 
Tiap sppg ada ahli gizinya, masalah biasanya muncul di tata kelola dapur (menu, rasa, dan basi/tidak).",di fb banyak yg share menu mbg spageti dan burger dimasukkan dlm karbo di tray akan dilengkapi dg menu protein sayur dan susu tiap sppg ada ahli gizinya masalah biasanya muncul di tata kelola dapur menu rasa dan basi tidak,negatif,0,https://x.com/myshabrina1/status/1971002187611517107,,,,,
1970492207334596816,1758636926,Pipilioi,@tempodotco Di paksa pemerintah makan MBG dari ompreng haram. Belum lagi makanan basi Dari Katering kebut Semalam.,di paksa pemerintah makan mbg dari ompreng haram belum lagi makanan basi dari katering kebut semalam,negatif,0,https://x.com/Pipilioi/status/1970492207334596816,,,,,
1980799095632781816,1761094280,azamseprot,"Program MBG dari Badan Gizi Nasional mengusung prinsip Zero Defect tanpa celah untuk kesalahan, demi kualitas terbaik.
Dari bahan baku bersertifikat hingga food tray berteknologi tinggi, BGN memastikan setiap sajian aman, higienis, dan bergizi.
Langkah nyata menuju generasi sehat https://t.co/bH8Ne770Ks",program mbg dari badan gizi nasional mengusung prinsip zero defect tanpa celah untuk kesalahan demi kualitas terbaik dari bahan baku bersertifikat hingga food tray berteknologi tinggi bgn memastikan setiap sajian aman higienis dan bergizi langkah nyata menuju generasi sehat,positif,0,https://x.com/azamseprot/status/1980799095632781816,,,,,
1962349719771885794,1756695606,tanyarlfes,"Sender pengen beli tumblr stainless steel yg tahan dingin, tapi setelah ada berita MBG kalau wadah stainless steelnya mengandung bahan non halal seder jadi takut. 
Ada yang tau tumblr tahan dingin yg halal/ made in indonesia ngga yaa 💚",sender pengen beli tumblr stainless steel yg tahan dingin tapi setelah ada berita mbg kalau wadah stainless steelnya mengandung bahan non halal seder jadi takut ada yang tau tumblr tahan dingin yg halal made in indonesia ngga yaa,negatif,-1,https://x.com/tanyarlfes/status/1962349719771885794,,,,,
1960635850548826259,1756286988,portonewsonline,"Ramai polemik Isu terkait keamanan wadah makan pada Program Makan Bergizi Gratis (MBG).https://t.co/MSQCv8Xn8e
#fypシ #MBG https://t.co/BFTdDIXFKo",ramai polemik isu terkait keamanan wadah makan pada program makan bergizi gratis mbg fyp mbg,positif,0,https://x.com/portonewsonline/status/1960635850548826259,,,,,
1960900122688082076,1756349995,sasaputri466403,Heboh Ompreng MBG Impor Diduga Mengandung Minyak Babi Kepala Badan Gizi Nasional (BGN) Dadan Hindayana buka suara soal ompreng atau food tray Makan Bergizi Gratis (MBG) yang diimpor dari China diduga mengandung bahan berbahaya dan minyak babi. Dia akan melakukan pengecekan. https://t.co/HlursYSsBq,heboh ompreng mbg impor diduga mengandung minyak babi kepala badan gizi nasional bgn dadan hindayana buka suara soal ompreng atau food tray makan bergizi gratis mbg yang diimpor dari china diduga mengandung bahan berbahaya dan minyak babi dia akan melakukan pengecekan,negatif,0,https://x.com/sasaputri466403/status/1960900122688082076,,,,,
1960279419131756865,1756202008,3twonewoo,"kalau alat makan stainless yg banyak beredar di pasaran ada isu kaya tray mbg jg ga ya? jd takut euy
ya Allah… beneran ini mah aku udah pasrah. tolong lindungi kami 😭😭😭",kalau alat makan stainless yg banyak beredar di pasaran ada isu kaya tray mbg jg ga ya jd takut euy ya allah beneran ini mah aku udah pasrah tolong lindungi kami,negatif,0,https://x.com/3twonewoo/status/1960279419131756865,,,,,
1960327929965248622,1756213574,detikfood,"Ompreng MBG Pakai Bahan Stainless Steel, Ini Kelebihannya https://t.co/4mDadDL514",ompreng mbg pakai bahan stainless steel ini kelebihannya,netral,-1,https://x.com/detikfood/status/1960327929965248622,,,,,
1959955523786404075,1756124785,daem_MIA,"TL;DR - Jutaan unit tray MBG bahannya adalah steinless steel 201 ⚠️(((NON FOOD GRADE)))⚠️ dan udah beredar di sekolah-sekolah adek, anak, ponakan, dan cucu kalian. 

Ini ANCAMAN PUBLIC HEALTH YANG SERIUS dan gak boleh dibiarin. 

Kejam banget.",tl dr jutaan unit tray mbg bahannya adalah steinless steel non food grade dan udah beredar di sekolah sekolah adek anak ponakan dan cucu kalian ini ancaman public health yang serius dan gak boleh dibiarin kejam banget,positif,0,https://x.com/daem_MIA/status/1959955523786404075,,,,,
1959933487781494920,1756119531,RedandW96922244,"@fahrisalam Dokumen Safety Data Sheet itu mengacu ke pelumas mesin stamping utk membentuk tray Stainless Steel 304. Pertanyaannya skrg, apakah tak ada proses pencucian tray SS 304 itu sebelum dipakai wadah MBG ?",dokumen safety data sheet itu mengacu ke pelumas mesin stamping utk membentuk tray stainless steel pertanyaannya skrg apakah tak ada proses pencucian tray ss itu sebelum dipakai wadah mbg,netral,-1,https://x.com/RedandW96922244/status/1959933487781494920,,,,,
1960289871785832917,1756204500,detikcom,Badan Gizi Nasional mengecek dugaan ompreng dengan bahan berbahaya dan mengandung minyak babi dari China untuk Program Makan Bergizi Gratis. https://t.co/UPZLgyO3ls,badan gizi nasional mengecek dugaan ompreng dengan bahan berbahaya dan mengandung minyak babi dari china untuk program makan bergizi gratis,negatif,0,https://x.com/detikcom/status/1960289871785832917,,,,,
1951521082118381631,1754113858,gatauahdark,@ARSIPAJA Rumornya food tray mbg tuh ga memenuhi standar food grade ya? Ada yang ngecek tuh orang yg punya alatnya.,rumornya food tray mbg tuh ga memenuhi standar food grade ya ada yang ngecek tuh orang yg punya alatnya,netral,0,https://x.com/gatauahdark/status/1951521082118381631,,,,,
1962267319809515942,1756675960,amamordialti,"fyi aja program mbg ini ada bbrp sekolah yang pake tray besi (yang biasa tempat bekal yang besi) tapi ga food grade, kebayang dong kalo banyak sekolah yang pake itu, bahaya banget kalo udah ga food grade. trus masih mau maksa bilang programnya baik baik aja?",fyi aja program mbg ini ada bbrp sekolah yang pake tray besi yang biasa tempat bekal yang besi tapi ga food grade kebayang dong kalo banyak sekolah yang pake itu bahaya banget kalo udah ga food grade trus masih mau maksa bilang programnya baik baik aja,netral,0,https://x.com/amamordialti/status/1962267319809515942,,,,,
1980802541307994149,1761095102,Ramay4na,"Terapkan Prinsip ZERO DEFECT!
Program MBG kini makin ketat dan higienis. Kepala BGN pastikan semua proses di Satuan Pelayanan Pemenuhan Gizi (SPPG) berstandar tinggi:
✅ Rapid test bahan baku
✅ Sterilisasi food tray
✅ Air bersertifikat layak konsumsi

BerKUALITAS itu kewajiban https://t.co/7gCgQ1A9Lf",terapkan prinsip zero defect program mbg kini makin ketat dan higienis kepala bgn pastikan semua proses di satuan pelayanan pemenuhan gizi sppg berstandar tinggi rapid test bahan baku sterilisasi food tray air bersertifikat layak konsumsi berkualitas itu kewajiban,positif,0,https://x.com/Ramay4na/status/1980802541307994149,,,,,
1962847978399387691,1756814400,mediaindonesia,"DUGAAN penggunaan lemak babi dalam proses produksi baki (tray) stainless steel impor untuk program Makan Bergizi Gratis (MBG) menyeruak
https://t.co/gABW7bkflp",dugaan penggunaan lemak babi dalam proses produksi baki tray stainless steel impor untuk program makan bergizi gratis mbg menyeruak,netral,0,https://x.com/mediaindonesia/status/1962847978399387691,,,,,
1978136394175230413,1760459443,FransJarwo62560,"pekerja dapur MBG terbakar itu bukan sedang masak. Melainkan sedang melakukan pengeringan ompreng (wadah stenlis) dengan mesin open yang menggunakan bahan bakar gas, dan terdapat kebocoran hingga ada sambaran api
https://t.co/U8Elpvrpfk",pekerja dapur mbg terbakar itu bukan sedang masak melainkan sedang melakukan pengeringan ompreng wadah stenlis dengan mesin open yang menggunakan bahan bakar gas dan terdapat kebocoran hingga ada sambaran api,negatif,0,https://x.com/FransJarwo62560/status/1978136394175230413,,,,,
1980811429566722553,1761097221,berthasintia,"Prinsip Zero Defect jadi standar baru di dapur MBG! 🚫❌
Dari sterilisasi food tray hingga rapid test bahan baku — semua demi jaminan kualitas gizi terbaik untuk generasi emas Indonesia 🇮🇩✨ https://t.co/07ko7Aiux0",prinsip zero defect jadi standar baru di dapur mbg dari sterilisasi food tray hingga rapid test bahan baku semua demi jaminan kualitas gizi terbaik untuk generasi emas indonesia,positif,0,https://x.com/berthasintia/status/1980811429566722553,,,,,
1974112204707557822,1759500001,detikcom,"BGN menghentikan operasional Satuan Pelayanan Pemenuhan Gizi (SPPG di Desa Citatah, Kecamatan Cipatat, Kabupaten Bandung Barat (KBB). Penghentian dilakukan karena pencucian food tray (omprengan stainless) untuk menu MBG.

#detikcom https://t.co/3kv6BMA7mG",bgn menghentikan operasional satuan pelayanan pemenuhan gizi sppg di desa citatah kecamatan cipatat kabupaten bandung barat kbb penghentian dilakukan karena pencucian food tray omprengan stainless untuk menu mbg detikcom,netral,0,https://x.com/detikcom/status/1974112204707557822,,,,,
1960171955690283399,1756176387,pyunitasim,"jadi keinget bbrp minggu lalu lewat fyp, ada yang tes pake magnet sama semacam xrd (?) buat buktiin kalo bahan tray mbg bukan Al-304",jadi keinget bbrp minggu lalu lewat fyp ada yang tes pake magnet sama semacam xrd buat buktiin kalo bahan tray mbg bukan al,netral,2,https://x.com/pyunitasim/status/1960171955690283399,,,,,
1960533380149494148,1756262557,detikfood,"Beda Ompreng Stainless Steel MBG Kode 304 dan 201, Mana Lebih Aman? https://t.co/fpM8LLVhNa",beda ompreng stainless steel mbg kode dan mana lebih aman,positif,2,https://x.com/detikfood/status/1960533380149494148,,,,,
1960943388716392898,1756360311,y0giarsana4,"Isu dugaan bahan tidak halal pada Food Tray MBG saat ini masih dalam proses recheck dan crosscheck oleh BGN. Mari bijak menerima informasi, jangan mudah terprovokasi isu yang belum jelas kebenarannya https://t.co/kLS2VvODj6",isu dugaan bahan tidak halal pada food tray mbg saat ini masih dalam proses recheck dan crosscheck oleh bgn mari bijak menerima informasi jangan mudah terprovokasi isu yang belum jelas kebenarannya,netral,0,https://x.com/y0giarsana4/status/1960943388716392898,,,,,
1960313033542205934,1756210022,PRFMnews,"Heboh Ompreng MBG Diduga Mengandung Bahan Berbahaya dan Minyak Babi, Begini Sikap BGN https://t.co/1FJXMCJAbb",heboh ompreng mbg diduga mengandung bahan berbahaya dan minyak babi begini sikap bgn,negatif,0,https://x.com/PRFMnews/status/1960313033542205934,,,,,
1975778653826130059,1759897313,hiakucl,@hrdbacot gw bawa bekal pake stainless kalau makan agak bunyi berasa makan pakai ompreng mbg,gw bawa bekal pake stainless kalau makan agak bunyi berasa makan pakai ompreng mbg,netral,1,https://x.com/hiakucl/status/1975778653826130059,,,,,
1975371230661517379,1759800176,uuusyyyy,"Kalau food tray MBG produksi Cina dalam proses pembuatannya butuh minyak babi, bukankah tidak menutup kemungkinan kotak-kotak bekal stainless lainnya yang dari Cina juga pakai minyak babi?",kalau food tray mbg produksi cina dalam proses pembuatannya butuh minyak babi bukankah tidak menutup kemungkinan kotak kotak bekal stainless lainnya yang dari cina juga pakai minyak babi,netral,0,https://x.com/uuusyyyy/status/1975371230661517379,,,,,
1974734553089785992,1759648380,_Eiji_ch_,"@404_null_404_ @daem_MIA Ini mah bukan mbg, klo mbg pake wadah stainless steel",ini mah bukan mbg klo mbg pake wadah stainless steel,netral,-1,https://x.com/_Eiji_ch_/status/1974734553089785992,,,,,
1973628224082182520,1759384611,blackshark7890,"Sebuah video yang beredar di media sosial menghebohkan publik, menampilkan aktivitas petugas dapur atau Satuan Pelayanan Pemenuhan Gizi (SPPG) program Makan Bergizi Gratis (MBG) yang mencuci nampan ompreng stainless dengan cara tidak higenis https://t.co/j1DvXZCo1O",sebuah video yang beredar di media sosial menghebohkan publik menampilkan aktivitas petugas dapur atau satuan pelayanan pemenuhan gizi sppg program makan bergizi gratis mbg yang mencuci nampan ompreng stainless dengan cara tidak higenis,netral,0,https://x.com/blackshark7890/status/1973628224082182520,,,,,
1973626636118663516,1759384232,RadioElshinta,"VIRAL DAPUR MBG MENCUCI NAMPAN OMPRENG TIDAK HIGIENIS👀‼

Sebuah video yang beredar di media sosial menghebohkan publik, menampilkan aktivitas petugas dapur atau Satuan Pelayanan Pemenuhan Gizi (SPPG) program Makan Bergizi Gratis (MBG) yang mencuci nampan ompreng stainless dengan cara tidak higienis.

Para petugas terlihat membersihkan nampan tersebut di dalam bak tanpa menggunakan air mengalir yang steril.

Dalam video tersebut, tampak tiga pegawai pria sedang mencuci nampan menggunakan spons. Mereka mencuci nampan dalam sebuah wadah berisi air sabun, lalu nampan tersebut dilemparkan ke dalam bak berisi air mengalir yang kondisinya tidak steril.

Berdasarkan penelusuran, dapur MBG tersebut berlokasi di Jalan Raya Tagog Munding, Desa Citatah, Kecamatan Cipatat, Kabupaten Bandung Barat.

Akibat kejadian ini, operasional SPPG dihentikan sementara karena tidak sesuai dengan standar operasional prosedur (SOP) yang ditetapkan oleh BGN.

Via IG: ayobandung_official
#elshintaviral",viral dapur mbg mencuci nampan ompreng tidak higienis sebuah video yang beredar di media sosial menghebohkan publik menampilkan aktivitas petugas dapur atau satuan pelayanan pemenuhan gizi sppg program makan bergizi gratis mbg yang mencuci nampan ompreng stainless dengan cara tidak higienis para petugas terlihat membersihkan nampan tersebut di dalam bak tanpa menggunakan air mengalir yang steril dalam video tersebut tampak tiga pegawai pria sedang mencuci nampan menggunakan spons mereka mencuci nampan dalam sebuah wadah berisi air sabun lalu nampan tersebut dilemparkan ke dalam bak berisi air mengalir yang kondisinya tidak steril berdasarkan penelusuran dapur mbg tersebut berlokasi di jalan raya tagog munding desa citatah kecamatan cipatat kabupaten bandung barat akibat kejadian ini operasional sppg dihentikan sementara karena tidak sesuai dengan standar operasional prosedur sop yang ditetapkan oleh bgn via ig ayobandung official elshintaviral,positif,0,https://x.com/RadioElshinta/status/1973626636118663516,,,,,
1973576682645942626,1759372323,ayobandungcom,"Sebuah video yang beredar di media sosial menghebohkan publik, menampilkan aktivitas petugas dapur atau Satuan Pelayanan Pemenuhan Gizi (SPPG) program Makan Bergizi Gratis (MBG) yang mencuci nampan ompreng stainless dengan cara tidak higienis. https://t.co/g4ARZ4m3xS",sebuah video yang beredar di media sosial menghebohkan publik menampilkan aktivitas petugas dapur atau satuan pelayanan pemenuhan gizi sppg program makan bergizi gratis mbg yang mencuci nampan ompreng stainless dengan cara tidak higienis,positif,0,https://x.com/ayobandungcom/status/1973576682645942626,,,,,
1973047894493331960,1759246250,Syradhan_27,"@JkntolwihDongo @GoodRecom Coba dipikir secara jaka panjang kegunaan MBG :
Uang Pemerintah terbagi jadi 2 = 1.Untuk Membeli bahan produksi ( alat masak, bhn mentah:sayur, daging, dll), 2.Untuk kegiatan produksi(masak, gaji, tranportasi, kebersihan, wadah makanan,)",coba dipikir secara jaka panjang kegunaan mbg uang pemerintah terbagi jadi untuk membeli bahan produksi alat masak bhn mentah sayur daging dll untuk kegiatan produksi masak gaji tranportasi kebersihan wadah makanan,positif,-1,https://x.com/Syradhan_27/status/1973047894493331960,,,,,
1972808128455754208,1759189085,Xura2505,"@Nurulygkaukenal Program MBG ini mmg rawan disalah gunakan pemangku kepentingan ntah lawan politik maupun kaum globalist yg tdk menghendaki generasi muda kita maju. 
Bisa menyusupkan racun ke makanan bisa mencampur racun dg bahan baku wadah/nampan MBG.",program mbg ini mmg rawan disalah gunakan pemangku kepentingan ntah lawan politik maupun kaum globalist yg tdk menghendaki generasi muda kita maju bisa menyusupkan racun ke makanan bisa mencampur racun dg bahan baku wadah nampan mbg,netral,0,https://x.com/Xura2505/status/1972808128455754208,,,,,
1972662317939638469,1759154321,sbachri1981,@txtdrimedia @grok apakah wadah makanan MBG ada bahan tidak halal nya?,apakah wadah makanan mbg ada bahan tidak halal nya,netral,0,https://x.com/sbachri1981/status/1972662317939638469,,,,,
1972585054074483023,1759135900,seketikanet,"Krakatau Steel bikin gebrakan!

Food tray berbahan Minyak Nabati dari baja berkualitas untuk program Makan Bergizi Gratis.

Siap saingi produk luar dengan bahan SUS 304, halal, dan higienis👇 #MBG #MBGSerapProdukLokal #Hilirisasi #update #news #seketika
https://t.co/QX4TG8ffcS",krakatau steel bikin gebrakan food tray berbahan minyak nabati dari baja berkualitas untuk program makan bergizi gratis siap saingi produk luar dengan bahan sus halal dan higienis mbg mbgserapproduklokal hilirisasi update news seketika,positif,0,https://x.com/seketikanet/status/1972585054074483023,,,,,
1971995540763418794,1758995349,KampretPolity,"@prabowo Coba dicek Pak, SOP mencuci food tray MBG aja modelnya beginian, saya kuatir bahkan bahan makanan tak dicuci langsung masak. Ini bener2 keterlaluan pengelolaan MBG serampangan hanya demi cuan.

https://t.co/YqQj2EzxI1",coba dicek pak sop mencuci food tray mbg aja modelnya beginian saya kuatir bahkan bahan makanan tak dicuci langsung masak ini bener keterlaluan pengelolaan mbg serampangan hanya demi cuan,positif,0,https://x.com/KampretPolity/status/1971995540763418794,,,,,
1970984737427919174,1758754355,jimbrong40,"Minimal pak, EVALUASI! Cek pembuat atau dapur MBG
2. pembuat udah terapkan dasar kebersihan
3. bahan² yang digunakan masih kondisi kayak makan
4. dapur nya dalam keadaan basic kebersihan
5. alat makan (sendok, garpu, wadah) bersih &amp; dibersihkan dgn baik
6. Menunya tahan lama",minimal pak evaluasi cek pembuat atau dapur mbg pembuat udah terapkan dasar kebersihan bahan yang digunakan masih kondisi kayak makan dapur nya dalam keadaan basic kebersihan alat makan sendok garpu wadah bersih dibersihkan dgn baik menunya tahan lama,positif,0,https://x.com/jimbrong40/status/1970984737427919174,,,,,
